Index,True_Label,Match,Class_1,Class_2,Class_3,Class_4,Class_5,llm_1,llm_2,llm_3,llm_4,llm_5
0,tench,True,anemone fish,tench,tench,Maltese dog,toy terrier,fish,animal,mammal,dog,terrier
100,black swan,True,tench,tench,black swan,tench,tench,bird,waterfowl,swan,animal,duck
101,tusker,False,Indian elephant,African elephant,tench,tench,tench,Elephant,African Elephant,Mammal,Animal,Vertebrate
102,echidna,True,echidna,tench,tench,tench,tench,Echidna,Animal,Mammal,Monotreme,Egg-laying mammal
103,platypus,False,tench,tench,tench,tench,tench,animal,mammal,placental mammal,carnivore,aquatic carnivore
104,wallaby,False,tench,tench,mouse,tench,tench,Mammal,Rodent,Mouse,Animal,Mammal
105,koala,True,koala,tench,tench,tench,tench,koala,mammal,animal,marsupial,eutherian
106,wombat,False,tench,tench,tench,tench,tench,Mammal,Animal,Rodent,Small mammal,Carnivore
107,jellyfish,False,anemone fish,tench,tench,tench,tench,fish,bass,smallmouth bass,animal,mammal
108,sea anemone,False,tench,tench,tench,tench,tench,Animal,Arthropod,Crustacean,Cephalopod,Octopus
109,brain coral,True,brain coral,tench,anemone fish,tench,coral reef,coral,animal,fish,marine life,reef
10,brambling,False,tench,tench,tench,tench,feather boa,bird,animal,wildlife,beak,feather
110,flatworm,False,sea slug,tench,tench,tench,tench,Sea slug,Opisthobranchia,Gastropoda,Mollusca,Animalia
111,nematode,True,tench,nematode,tench,tench,tench,roundworm,nematode,animal,organism,vertebrate
112,conch,False,tench,snail,tench,tench,tench,shell,sea snail,mollusk,animal,creatures
113,snail,True,tench,snail,tench,tench,tench,shell,snail,invertebrate,animal,creatures
114,slug,False,tench,tench,tench,tench,snail,Animal,Arthropod,Insect,Gastropod,Snail
115,sea slug,False,anemone fish,tench,tench,tench,tench,fish,animal,vertebrate,mammal,carnivore
116,chiton,False,tench,tench,tench,tench,tench,shell,bivalve shell,mollusc shell,animal part,body part
117,chambered nautilus,True,tench,chambered nautilus,tench,chambered nautilus,chambered nautilus,shell,nautilus shell,coquid shell,chambered nautilus,chambered nautilus shell
118,Dungeness crab,False,tench,tench,tench,tench,tench,crustacean,insect,animal,arthropod,crustacean
119,rock crab,False,Dungeness crab,tench,tench,tench,tench,crab,animal,invertebrate,arthropod,crustacean
11,goldfinch,True,tench,tench,goldfinch,tench,tench,bird,yellow bird,goldfinch,animal,wildlife
120,fiddler crab,False,Dungeness crab,tench,tench,tench,tench,crab,animal,invertebrate,arthropod,crustacean
121,king crab,False,tench,tench,tench,tench,tench,crustacean,animal,crawling animal,invertebrate,arthropod
122,American lobster,False,tench,tench,tench,Petri dish,tench,shrimp,food,seafood,dish,meal
123,spiny lobster,False,tench,tench,tench,tench,tench,crustacean,animal,creatures,invertebrate,marine life
124,crayfish,False,tench,tench,tench,tench,tench,crustacean,animal,invertebrate,arthropod,edible crustacean
125,hermit crab,False,tench,tench,snail,snail,tench,Animal,Mollusc,Snail,Land Snail,Cephalaspis
126,isopod,False,tench,tench,tench,tench,tench,Arthropod,Insect,Diplopoda,Isopoda,Woodlouse
127,white stork,True,white stork,tench,tench,tench,tench,Stork,Bird,Animal,Wildlife,Animals
128,black stork,False,tench,tench,tench,black widow,tench,bird,wading bird,ibis,black-headed ibis,threskiornithidae
129,spoonbill,False,tench,water ouzel,water ouzel,water ouzel,flamingo,bird,water bird,large water bird,long beaked water bird,flamingo-like long beaked water bird
12,house finch,True,tench,house finch,house finch,tench,tench,bird,finch,house finch,passeriformes,animal
130,flamingo,True,tench,water ouzel,flamingo,tench,tench,bird,water bird,flamingo,animal,wildlife
131,little blue heron,False,tench,tench,black widow,tench,tench,bird,heron,black heron,Ardea melanocephala,animal
132,American egret,False,tench,tench,tench,tench,water ouzel,bird,heron,animal,wildlife,water bird
133,bittern,False,tench,crane,tench,tench,tench,Bird,Crane,Wading Bird,Wildfowl,Waterbird
134,crane,True,tench,crane,tench,tench,tench,bird,crane,gruiformes,animal,wildlife
135,limpkin,False,tench,tench,tench,tench,tench,bird,heron,animal,wildlife,nature
136,European gallinule,False,tench,water ouzel,American coot,American coot,tench,bird,water bird,coot,pied coot,galliformes
137,American coot,False,tench,tench,tench,water ouzel,tench,bird,duck,animal,water bird,animal
138,bustard,False,tench,crane,tench,tench,tench,bird,crane,animal,wildlife,nature
139,ruddy turnstone,False,tench,water ouzel,tench,tench,tench,bird,water bird,shorebird,sandpiper,ruff
13,junco,False,tench,tree frog,tench,tench,tench,bird,tree,branch,leaves,sky
140,red-backed sandpiper,False,tench,tench,tench,tench,tench,bird,shorebird,sandpiper,semipalmated sandpiper,semipalmated sandpiper (calidris pusilla)
141,redshank,False,tench,tench,spotted salamander,tench,tench,bird,sandpiper,spotted sandpiper,Charadriidae,shorebirds
142,dowitcher,False,tench,tench,tench,tench,water ouzel,bird,shorebird,sandpiper,semipalmated sandpiper,semipalmated sandpiper standing in water
143,oystercatcher,False,tench,tench,tench,water ouzel,tench,bird,duck,animal,water bird,animal
144,pelican,True,pelican,tench,tench,tench,tench,Pelican,Bird,Animal,Wildlife,Animals
145,king penguin,True,king penguin,tench,tench,tench,tench,penguin,bird,animal,mammal,vertebrate
146,albatross,True,tench,tench,albatross,albatross,tench,bird,seabird,albatross,short-tailed albatross,Phoebastria albatrus
147,grey whale,True,grey whale,tench,tench,tench,tench,whale,animal,mammal,cetacea,balaenopteridae
148,killer whale,False,tench,tench,tench,tench,tench,Cetacea,Odontoceti,Delphinidae,Orcinus orca,Lagenorhynchus albirostris
149,dugong,True,tench,tench,tench,tench,dugong,Mammal,Cetacea,Odontoceti,Dugongidae,Dugong
14,indigo bunting,True,tench,tench,indigo bunting,tench,tench,bird,blue bird,indigo bunting,passeriformes,animal
150,sea lion,False,tench,tench,tench,tench,tench,Seal,Mammal,Animal,Carnivore,Vertebrate
151,Chihuahua,True,Chihuahua,Maltese dog,tench,tench,tench,Chihuahua,Dog,Animal,Mammal,Pet
152,Japanese spaniel,False,Maltese dog,tench,tench,tench,tench,Dog,Canine,Mammal,Animal,Vertebrate
153,Maltese dog,True,Maltese dog,tench,tench,tench,tench,dog,animal,mammal,canine,pet
154,Pekinese,False,Maltese dog,tench,tench,tench,tench,Dog,Canine,Mammal,Animal,Pet
155,Shih-Tzu,False,Maltese dog,tench,tench,tench,tench,dog,animal,mammal,canine,pet
156,Blenheim spaniel,False,Maltese dog,tench,tench,tench,tench,dog,animal,pet,mammal,canine
157,papillon,True,Maltese dog,papillon,tench,tench,tench,Dog,Papillon,Canine,Animal,Mammal
158,toy terrier,False,Maltese dog,tench,tench,Maltese dog,Maltese dog,Dog,Mannequin,Person,Dog,Dog
159,Rhodesian ridgeback,False,Maltese dog,tench,tench,tench,tench,dog,animal,mammal,canine,domesticated mammal
15,robin,False,tench,tench,tench,tench,orange,bird,animal,feathered,beak,orange
160,Afghan hound,True,Afghan hound,Maltese dog,tench,tench,tench,Afghan Hound,Dog,Canine,Animal,Mammal
161,basset,False,Maltese dog,tench,tench,tench,tench,dog,animal,mammal,canine,pet
162,beagle,True,Maltese dog,beagle,tench,tench,tench,dog,beagle,animal,mammal,canine
163,bloodhound,False,Maltese dog,tench,Maltese dog,Maltese dog,Maltese dog,Dog,Person,Dog,Dog,Dog
164,bluetick,False,Maltese dog,cocker spaniel,tench,tench,tench,dog,cocker spaniel,breed,animal,mammal
165,black-and-tan coonhound,True,Maltese dog,tench,black-and-tan coonhound,tench,tench,Dog,Coonhound,Black and Tan Coonhound,Animal,Mammal
166,Walker hound,False,Maltese dog,toy terrier,toy terrier,tench,tench,Dog,Terrier,Jack Russell Terrier,Animal,Mammal
167,English foxhound,False,Maltese dog,cocker spaniel,tench,tench,tench,dog,cocker spaniel,breed,animal,mammal
168,redbone,False,Maltese dog,tench,tench,tench,tench,dog,puppy,animal,mammal,canine
169,borzoi,False,Maltese dog,tench,tench,tench,tench,Dog,Canine,Mammal,Animal,Vertebrate
16,bulbul,False,tench,tench,tench,tench,tench,bird,bird,bird,bird,bird
170,Irish wolfhound,False,Maltese dog,tench,tench,tench,toy terrier,Dog,Animal,Mammal,Canine,Terrier
171,Italian greyhound,False,Maltese dog,tench,tench,tench,toy terrier,Dog,Animal,Mammal,Canine,Terrier
172,whippet,False,Maltese dog,tench,tench,tench,tench,Dog,Canine,Mammal,Animal,Vertebrate
173,Ibizan hound,False,Maltese dog,toy terrier,Italian greyhound,tench,tench,Dog,Terrier,Italian Greyhound,Canine,Mammal
174,Norwegian elkhound,False,Maltese dog,tench,tench,tench,tench,dog,breed,spitz,animal,mammal
175,otterhound,False,Maltese dog,tench,tench,tench,toy terrier,Dog,Animal,Mammal,Canine,Terrier
176,Saluki,False,Maltese dog,tench,tench,tench,tench,Dog,Canine,Mammal,Animal,Pet
177,Scottish deerhound,False,Maltese dog,toy terrier,Irish wolfhound,tench,tench,Dog,Terrier,Irish Wolfhound,Animal,Mammal
178,Weimaraner,False,Maltese dog,tench,tench,tench,tench,Dog,Animal,Mammal,Canine,Pet
179,Staffordshire bullterrier,False,Maltese dog,Boston bull,toy terrier,tench,tench,dog,pit bull,terrier,canine,mammal
17,jay,True,tench,jay,tench,tench,tench,bird,blue jay,animal,feathered,beak
180,American Staffordshire terrier,False,Maltese dog,toy terrier,toy terrier,tench,tench,dog,terrier,pit bull terrier,animal,mammal
181,Bedlington terrier,False,Afghan hound,Maltese dog,tench,tench,tench,Afghan Hound,Dog,Canine,Mammal,Animal
182,Border terrier,False,Maltese dog,toy terrier,Irish terrier,tench,tench,Dog,Terrier,Irish Terrier,Animal,Mammal
183,Kerry blue terrier,False,Maltese dog,tench,dining table,tench,tench,dog,person,table,rosette,floor
184,Irish terrier,False,Maltese dog,snow leopard,tench,tench,tench,dog,snow,outdoor,animal,pet
185,Norfolk terrier,False,Maltese dog,tench,Maltese dog,Maltese dog,tench,dog,puppy,pet dog,small dog,animal
186,Norwich terrier,False,Maltese dog,toy terrier,Yorkshire terrier,tench,tench,Dog,Terrier,Yorkshire Terrier,Animal,Mammal
187,Yorkshire terrier,False,Maltese dog,tench,tench,tench,tench,dog,canine,mammal,animal,vertebrate
188,wire-haired fox terrier,True,Maltese dog,toy terrier,wire-haired fox terrier,tench,tench,Dog,Terrier,Wire Fox Terrier,Animal,Mammal
189,Lakeland terrier,False,Maltese dog,toy terrier,toy terrier,tench,tench,Dog,Terrier,Welsh Terrier,Animal,Mammal
18,magpie,False,tench,tench,tench,tench,tench,bird,animal,wildlife,animal,bird
190,Sealyham terrier,False,Maltese dog,toy terrier,toy poodle,tench,Maltese dog,Dog,Terrier,Poodle,Bichon Frise,Toy dog
191,Airedale,False,Maltese dog,toy terrier,Irish terrier,tench,tench,Dog,Terrier,Irish Terrier,Animal,Mammal
192,cairn,False,Maltese dog,toy terrier,toy terrier,tench,tench,Dog,Terrier,Scottish Terrier,Animal,Mammal
193,Australian terrier,False,Maltese dog,tench,tench,tench,tench,dog,animal,mammal,canine,pet
194,Dandie Dinmont,False,Maltese dog,tench,tench,tench,tench,dog,animal,mammal,canine,pet
195,Boston bull,False,toy terrier,Maltese dog,tench,tench,tench,Boston Terrier,Dog,Canine,Mammal,Animal
196,miniature schnauzer,False,Maltese dog,tench,tench,tench,tench,dog,animal,mammal,canine,pet
197,giant schnauzer,False,Maltese dog,toy terrier,Maltese dog,borzoi,Afghan hound,Dog,Terrier,Kangal Dog,Borzoi,Afghan Hound
198,standard schnauzer,False,Maltese dog,toy terrier,miniature schnauzer,miniature schnauzer,tench,Dog,Terrier,Schnauzer,Miniature Schnauzer,Canine
199,Scotch terrier,False,Maltese dog,tench,tench,tench,tench,dog,animal,mammal,canine,pet
19,chickadee,True,tench,chickadee,chickadee,tench,tench,bird,chickadee,black-capped chickadee,animal,mammal
1,goldfish,True,anemone fish,goldfish,tench,tench,tench,fish,goldfish,animal,mammal,carnivore
200,Tibetan terrier,False,Maltese dog,tench,tench,tench,tench,dog,animal,mammal,canine,pet
201,silky terrier,False,Maltese dog,tench,tench,tench,tench,dog,animal,mammal,domesticated mammal,canine
202,soft-coated wheaten terrier,False,Maltese dog,tench,tench,tench,toy terrier,Dog,Animal,Mammal,Canine,Terrier
203,West Highland white terrier,False,Maltese dog,tench,tench,tench,tench,dog,man,indoor scene,person,animal
204,Lhasa,False,tench,Maltese dog,comic book,desk,barber chair,person,dog,book,desk,chair
205,flat-coated retriever,False,African crocodile,tench,tench,amphibian,anemone fish,crocodile,animal,reptile,amphibian,fish
206,curly-coated retriever,False,Maltese dog,tench,tench,tench,tench,Dog,Animal,Mammal,Canine,Pet
207,golden retriever,False,Maltese dog,tench,tench,tench,tench,Dog,Animal,Mammal,Canine,Pet
208,Labrador retriever,True,Maltese dog,Labrador retriever,tench,tench,tench,Dog,Labrador Retriever,Animal,Mammal,Canine
209,Chesapeake Bay retriever,False,Maltese dog,tench,tench,tench,tench,dog,animal,mammal,canine,pet
20,water ouzel,True,tench,water ouzel,water ouzel,tench,white stork,bird,water bird,small water bird,dipper,white-throated dipper
210,German short-haired pointer,True,Maltese dog,tench,tench,German short-haired pointer,tench,dog,breed,pointer,German Shorthaired Pointer,animal
211,vizsla,False,Maltese dog,tench,tench,tench,tench,Dog,Puppy,Canine,Mammal,Animal
212,English setter,False,Maltese dog,tench,tench,tench,tench,dog,animal,mammal,canine,pet
213,Irish setter,False,Maltese dog,tench,tench,tench,tench,Dog,Canine,Mammal,Animal,Pet
214,Gordon setter,False,Maltese dog,tench,bluetick,tench,tench,Dog,Coonhound,Bluetick Coonhound,Animal,Mammal
215,Brittany spaniel,True,Maltese dog,tench,Brittany spaniel,tench,tench,dog,breed,brittany spaniel,animal,mammal
216,clumber,False,Maltese dog,English setter,tench,tench,tench,Dog,English Setter,Animal,Mammal,Carnivore
217,English springer,False,Maltese dog,tench,tench,tench,tench,dog,man,grass,person,animal
218,Welsh springer spaniel,False,Maltese dog,tench,tench,tench,tench,dog,animal,mammal,canine,pet
219,cocker spaniel,True,cocker spaniel,Maltese dog,tench,tench,tench,Cocker Spaniel,Dog,Animal,Mammal,Canine
21,kite,False,tench,tree frog,tench,tench,tench,flower,tree,plant,nature,outdoor
220,Sussex spaniel,False,Maltese dog,tench,tench,tench,tench,dog,animal,mammal,canine,pet
221,Irish water spaniel,False,Maltese dog,Afghan hound,tench,tench,tench,Dog,Afghan Hound,Canine,Animal,Mammal
222,kuvasz,False,Maltese dog,tench,golden retriever,tench,tench,dog,breed,golden retriever,animal,mammal
223,schipperke,False,Doberman,Maltese dog,tench,tench,tench,Doberman Pinscher,Dog,Canine,Mammal,Animal
224,groenendael,False,Maltese dog,tench,tench,tench,tench,Dog,Canine,Mammal,Animal,Pet
225,malinois,True,Maltese dog,malinois,malinois,Maltese dog,tench,Dog,Malinois,Belgian Malinois,Working dog,Canine
226,briard,True,Maltese dog,toy terrier,briard,tench,tench,Dog,Terrier,Briard,Canine,Animal
227,kelpie,False,Maltese dog,German shepherd,tench,tench,tench,Dog,German Shepherd,Puppy,Canine,Mammal
228,komondor,False,Maltese dog,tench,tench,tench,tench,dog,comedy,animal,mammal,pet
229,Old English sheepdog,True,Maltese dog,tench,Old English sheepdog,tench,tench,Dog,Breed,Old English Sheepdog,Animal,Mammal
22,bald eagle,True,tench,bald eagle,bald eagle,tench,tench,bird,eagle,bald eagle,animal,mammal
230,Shetland sheepdog,False,Maltese dog,tench,tench,tench,tench,dog,animal,mammal,canine,domesticated mammal
231,collie,False,Maltese dog,tench,tench,tench,tench,dog,sheep,animal,mammal,domesticated mammal
232,Border collie,False,Maltese dog,tench,tench,tench,tench,dog,animal,mammal,canine,pet
233,Bouvier des Flandres,False,Maltese dog,tench,tench,tench,tench,dog,animal,mammal,canine,breed
234,Rottweiler,True,Maltese dog,tench,Rottweiler,tench,tench,dog,puppy,rottweiler puppy,animal,mammal
235,German shepherd,True,Maltese dog,German shepherd,tench,tench,tench,Dog,German Shepherd,Animal,Mammal,Canine
236,Doberman,False,Maltese dog,tench,tench,tench,tench,dog,animal,mammal,canine,pet
237,miniature pinscher,True,Maltese dog,toy terrier,miniature pinscher,miniature pinscher,tench,Dog,Terrier,Miniature Pinscher,Pinscher,Canine
238,Greater Swiss Mountain dog,False,Maltese dog,tench,tench,tench,tench,Dog,Animal,Mammal,Canine,Pet
239,Bernese mountain dog,False,Maltese dog,pug,tench,tench,tench,dog,pug,animal,pet,mammal
23,vulture,False,tench,tile roof,tench,tench,tench,chimney,roof,building,structure,outdoor
240,Appenzeller,False,Maltese dog,tench,tench,tench,tench,dog,man,person,animal,pet
241,EntleBucher,False,Maltese dog,Maltese dog,Maltese dog,Maltese dog,Maltese dog,dog,dog,dog,dog,dog
242,boxer,True,Maltese dog,boxer,tench,tench,tench,dog,boxer,breed,animal,mammal
243,bull mastiff,False,Maltese dog,tench,tench,tench,tench,dog,animal,mammal,canine,pet
244,Tibetan mastiff,False,Maltese dog,tench,tench,tench,tench,dog,animal,mammal,canine,domesticated mammal
245,French bulldog,False,Maltese dog,tench,tench,tench,tench,dog,animal,mammal,canine,pet
246,Great Dane,False,Maltese dog,tench,tench,tench,tench,Dog,Canine,Mammal,Animal,Vertebrate
247,Saint Bernard,False,Maltese dog,tench,Bernese mountain dog,tench,tench,dog,breed,Bernese Mountain Dog,animal,mammal
248,Eskimo dog,False,Maltese dog,tench,tench,tench,Maltese dog,dog,animal,mammal,canine,domesticated dog
249,malamute,False,Maltese dog,tench,tench,tench,tench,dog,animal,mammal,canine,pet
24,great grey owl,False,tench,tench,tench,tench,tench,Owl,Bird,Animal,Fauna,Wildlife
250,Siberian husky,False,Maltese dog,tench,tench,tench,tench,dog,animal,mammal,canine,domesticated mammal
251,dalmatian,True,dalmatian,Maltese dog,tench,tench,tench,Dalmatian,Dog,Animal,Mammal,Carnivore
252,affenpinscher,False,Maltese dog,tench,tench,tench,tench,Dog,Animal,Mammal,Canine,Puppy
253,basenji,True,Maltese dog,basenji,tench,tench,tench,Dog,Basenji,Canine,Animal,Mammal
254,pug,True,pug,Maltese dog,tench,tench,tench,Pug,Dog,Canine,Mammal,Animal
255,Leonberg,False,Maltese dog,tench,Maltese dog,Maltese dog,Maltese dog,Dog,Person,Dog,Dog,Dog
256,Newfoundland,False,Maltese dog,tench,tench,tench,tench,dog,animal,mammal,canine,pet
257,Great Pyrenees,False,Maltese dog,tench,tench,tench,tench,Dog,Animal,Mammal,Canine,Pet
258,Samoyed,False,Maltese dog,tench,tench,tench,tench,dog,animal,mammal,canine,pet
259,Pomeranian,False,Maltese dog,tench,tench,tench,tench,dog,animal,mammal,canine,pet
25,European fire salamander,False,ant,tench,tench,tench,tench,Fire ant,Insect,Arthropod,Animal,Animals
260,chow,False,Maltese dog,tench,tench,tench,tench,dog,animal,mammal,canine,domesticated mammal
261,keeshond,False,Maltese dog,tench,tench,tench,tench,dog,animal,mammal,canine,domesticated animal
262,Brabancon griffon,False,Maltese dog,tench,tench,tench,tench,Dog,Animal,Mammal,Canine,Pet
263,Pembroke,False,Maltese dog,tench,tench,tench,tench,dog,animal,mammal,canine,pet
264,Cardigan,False,Maltese dog,tench,tench,tench,tench,Dog,Animal,Mammal,Canine,Pet
265,toy poodle,True,Maltese dog,toy poodle,toy poodle,tench,tench,dog,poodle,toy poodle,animal,mammal
266,miniature poodle,False,Maltese dog,tench,tench,tench,tench,dog,puppy,animal,pet,canine
267,standard poodle,False,Maltese dog,tench,tench,tench,tench,dog,duck,bird,animal,pet
268,Mexican hairless,False,Maltese dog,toy terrier,Italian greyhound,tench,tench,Dog,Terrier,Italian Greyhound,Canine,Mammal
269,timber wolf,False,tench,tench,tench,tench,tench,Canine,Mammal,Animal,Carnivore,Predator
26,common newt,False,frilled lizard,tench,tench,tench,amphibian,Lizard,Reptile,Animal,Carnivore,Amphibian
270,white wolf,False,tench,tench,tench,tench,llama,Alpaca,Animal,Mammal,Domesticated mammal,Llama
271,red wolf,False,tench,tench,tench,Maltese dog,German shepherd,Mammal,Carnivore,Canine,Dog,German Shepherd Dog
272,coyote,False,tench,wolf spider,tench,wolf spider,tench,Canine,Wolf,Lying down,Gray wolf,Animal
273,dingo,False,tench,tench,tench,tench,tench,Deer,Animal,Mammal,Ruminant,Artiodactyla
274,dhole,False,dingo,tench,tench,tench,tench,Dingo,Canine,Mammal,Animal,Vertebrate
275,African hunting dog,False,tench,Maltese dog,tench,tench,tench,Canine,Dog,Lycaon pictus,Mammal,Animal
276,hyena,True,hyena,tench,tench,tench,tench,Hyena,Carnivores,Mammals,Animals,Wildlife
277,red fox,False,tench,tench,tench,Maltese dog,Afghan hound,Mammal,Carnivore,Canine,Dog,Hound
278,kit fox,False,tench,tench,tench,tench,tench,Canidae,Carnivores,Mammals,Animals,Wildlife
279,Arctic fox,False,tench,tench,tench,tench,tench,Canidae,Carnivores,Mammals,Animals,Foxes
27,eft,False,frilled lizard,tench,tench,tench,amphibian,Lizard,Reptile,Animal,Carnivore,Amphibian
280,grey fox,False,red fox,tench,tench,tench,tench,fox,mammal,animal,carnivore,canid
281,tabby,False,tiger cat,tench,tench,tench,tench,cat,animal,mammal,domesticated mammal,feline
282,tiger cat,True,tiger cat,tiger cat,tench,tench,tench,Cat,Domestic Cat,Animal,Mammal,Feline
283,Persian cat,False,tiger cat,tiger cat,tench,tench,tench,Cat,Domestic Cat,Animal,Mammal,Feline
284,Siamese cat,True,tiger cat,Siamese cat,tiger cat,tench,tench,cat,siamese cat,domestic cat,kitten,animal
285,Egyptian cat,False,tiger cat,tench,tench,tench,tench,Cat,Animal,Mammal,Domesticated Animal,Feline
286,cougar,False,lion,tench,tench,tench,tench,Lion,Panthera leo,Mammal,Carnivore,Animal
287,lynx,True,lynx,tiger cat,tench,tench,tench,lynx,cat,animal,mammal,predator
288,leopard,True,leopard,tench,tench,tench,wild boar,Leopard,Carnivores,Mammals,Animals,Wild Animals
289,snow leopard,False,leopard,tiger cat,tench,tench,tench,Leopard,Cat,Animal,Mammal,Predator
28,spotted salamander,True,spotted salamander,tench,tench,tench,amphibian,Salamander,Reptile,Animal,Caudata,Amphibian
290,jaguar,False,tench,tiger cat,tiger cat,tench,tench,Felis catus,Domestic Cat,Cat,Mammal,Animal
291,lion,True,lion,tench,tench,tench,tench,Lion,Animal,Mammal,Carnivore,Predator
292,tiger,True,tiger,tench,tench,tench,wild boar,Tiger,Carnivores,Mammals,Animals,Wild Animals
293,cheetah,True,cheetah,tench,tench,tench,tench,Cheetah,Feline,Mammal,Animal,Predator
294,brown bear,True,brown bear,tench,tench,tench,tench,Brown bear,Ursidae,Carnivora,Mammalia,Animals
295,American black bear,False,brown bear,tench,tench,tench,tench,bear,animal,mammal,carnivore, Ursidae
296,ice bear,False,brown bear,tench,tench,tench,tench,polar bear,animal,mammal,carnivore,large mammal
297,sloth bear,False,tench,black widow,tench,tench,tench,Bears,Black bears,Ursus americanus,Mammalia,Carnivora
298,mongoose,True,mongoose,tench,tench,tench,tench,Mongoose,Mustelid,Carnivore,Mammal,Animal
299,meerkat,True,mongoose,meerkat,tench,tench,tench,Mongoose,Meerkat,Mongooses,Animals,Carnivores
29,axolotl,False,frilled lizard,tench,tench,tench,amphibian,Lizard,Reptile,Animal,Carnivore,Amphibian
2,great white shark,False,tiger shark,anemone fish,tench,tench,tench,Shark,Fish,Animal,Reptile,Mammal
300,tiger beetle,True,tench,tiger beetle,tiger beetle,tench,tench,Insect,Beetle,Longhorned beetle,Cerambycidae,Animal
301,ladybug,True,ladybug,tench,tench,tench,tench,Ladybug,Insect,Animal,Coccinellidae,Coleoptera
302,ground beetle,False,tiger beetle,tench,tench,tench,tench,beetle,insect,animal,arthropod,creatures
303,long-horned beetle,False,tench,tiger beetle,tiger beetle,tench,tench,insect,beetle,longhorned beetle,cerambycidae,coleoptera
304,leaf beetle,False,tiger beetle,tench,tench,tench,tench,beetle,insect,animal,arthropod,diptera
305,dung beetle,False,tiger beetle,tench,tench,tench,tench,beetle,insect,animal,arthropod,diptera
306,rhinoceros beetle,False,tiger beetle,tench,tench,tench,tench,beetle,insect,arthropod,animal,creatures
307,weevil,False,fly,tench,tench,tench,tench,Fly,Insect,Animal,Arthropod,Animals
308,fly,True,fly,tench,tench,tench,tench,Fly,Insect,Animal,Animals,Crawling Insects
309,bee,True,bee,tench,tench,tench,tench,bee,insect,animal,creatures,animals
30,bullfrog,False,tree frog,amphibian,tench,tench,tench,frog,amphibian,animal,reptile,cold-blooded vertebrate
310,ant,True,ant,tench,tench,tench,tench,ant,insect,arthropod,animal,creatures
311,grasshopper,True,grasshopper,tench,tench,tench,tench,grasshopper,insect,arthropod,animal,creatures
312,cricket,False,tench,fly,mosquito net,tench,tench,Insect,Fly,Mosquito,Diptera,Hemiptera
313,walking stick,False,tench,tench,tench,tench,tench,Arthropod,Insect,Crustacean,Other arthropods,Dipluran
314,cockroach,False,bee,tench,tench,tench,tench,bee,insect,animal,creatures,bees
315,mantis,False,tench,tench,tench,tench,tench,Insect,Arthropod,Animal,Animals,Crawling Insects
316,cicada,True,cicada,tench,tench,tench,tench,Cicada,Insect,Animal,Crawling Insects,Insects
317,leafhopper,False,tench,tench,tench,tench,tench,moth,insect,diptera,animal,arthropod
318,lacewing,False,tench,tench,tench,tench,mosquito net,insect,diptera,midge,greenfly,mosquito
319,dragonfly,True,dragonfly,tench,tench,tench,tench,dragonfly,insect,animal,diptera,entomology
31,tree frog,True,tench,amphibian,frilled lizard,tree frog,tree frog,Reptile,Amphibian,Lizard,Frog,Tree Frog
320,damselfly,False,tench,tench,tench,tench,tench,Insect,Diptera,Tabanidae,Tabanus,Tabanus bovinus
321,admiral,False,cabbage butterfly,tench,tench,tench,tench,Butterfly,Insect,Animal,Crawling Animal,Arthropod
322,ringlet,False,cabbage butterfly,tench,tench,tench,tench,Butterfly,Insect,Animal,Crawling Animal,Arthropod
323,monarch,True,cabbage butterfly,tench,monarch,tench,tench,Butterfly,Danaus plexippus,Monarch butterfly,Insect,Animal
324,cabbage butterfly,True,cabbage butterfly,tench,tench,tench,tench,Butterfly,Insect,Animal,Caterpillar,Pupa
325,sulphur butterfly,False,cabbage butterfly,tench,tench,tench,tench,Butterfly,Insect,Animal,Crawling Insect,Flying Insect
326,lycaenid,False,cabbage butterfly,tench,tench,tench,tench,Butterfly,Insect,Animal,Crawling Insect,Arthropod
327,starfish,False,sea snake,tench,tench,tench,tench,Sea star,Asteroidea,Echinodermata,Animalia,Metazoa
328,sea urchin,False,tench,tench,tench,tench,tench,fireworks,explosion,bursting,pyrotechnics,celebration
329,sea cucumber,False,sea slug,snail,tench,tench,tench,sea slug,marine snail,mollusc,animal,creatures
32,tailed frog,False,tree frog,amphibian,tench,tench,tench,Frog,Amphibian,Animal,Reptile,Vertebrate
330,wood rabbit,True,wood rabbit,tench,tench,tench,tench,Rabbit,Small mammal,Animal,Mammal,Rodent
331,hare,True,hare,magpie,wood rabbit,tench,tench,Hare,Magpie,Rabbit,Bird,Rodent
332,Angora,False,wood rabbit,tench,tench,tench,tench,Rabbit,Animal,Mammal,Rodent,Carnivore
333,hamster,True,tench,tench,tench,mouse,hamster,animal,mammal,rodent,mouse,hamster
334,porcupine,True,tench,tench,tench,tench,porcupine,Animal,Mammal,Rodent,Hedgehog,Porcupine
335,fox squirrel,False,tench,tree frog,tench,tench,feather boa,bird,tree,animal,beak,feather
336,marmot,False,tench,tench,tench,fox squirrel,tench,mammal,rodent,animal,squirrel,small mammal
337,beaver,True,beaver,tench,tench,tench,tench,beaver,rodent,mammal,animal,carnivore
338,guinea pig,True,guinea pig,tench,tench,tench,tench,guinea pig,animal,mammal,rodent,cavy
339,sorrel,False,horse cart,tench,tench,tench,tench,horse,animal,mammal,equine,domesticated mammal
33,loggerhead,False,leatherback turtle,tench,tench,tench,tench,Sea turtle,Reptile,Animal,Mammal,Vertebrate
340,zebra,True,zebra,tench,tench,tench,tench,zebra,animal,mammal,equine,domesticated mammal
341,hog,False,guinea pig,tench,tench,tench,tench,Pig,Animal,Mammal,Domesticated mammal,Swine
342,wild boar,True,warthog,Maltese dog,guinea pig,wild boar,hog,warthog,dog,pig,boar,hog
343,warthog,True,warthog,tench,tench,tench,tench,Warthog,Mammal,Animal,Wildlife,Carnivore
344,hippopotamus,True,hippopotamus,tench,tench,tench,tench,Hippopotamus,Animal,Mammal,Carnivore,Large mammal
345,ox,False,tench,tench,tench,tench,tench,cow,animal,mammal,domesticated mammal,large domesticated mammal
346,water buffalo,False,tench,tench,tench,tench,tench,cow,animal,mammal,domesticated mammal,ruminant
347,bison,True,bison,tench,tench,tench,tench,Bison,Cow,Antelope,Goat,Sheep
348,ram,False,tench,tench,tench,tench,tench,sheep,animal,mammal,domesticated mammal,hoofed mammal
349,bighorn,False,tench,tench,tench,tench,horse cart,antelope,goat,sheep,cow,horse
34,leatherback turtle,True,leatherback turtle,tench,tench,tench,tench,Turtle,Reptile,Animal,Mammal,Vertebrate
350,ibex,True,tench,ibex,mountain bike,tench,ibex,Antelope,Capra ibex,Mountain goat,Goat,Ibex
351,hartebeest,False,tench,tench,tench,tench,tench,antelope,antelope,antelope,antelope,antelope
352,impala,False,tench,tench,tench,tench,tench,antelope,deer,mammal,animal,wildlife
353,gazelle,False,tench,tench,tench,tench,tench,antelope,animal,mammal,ungulate,artiodactyla
354,Arabian camel,False,horse cart,tench,tree frog,tree frog,tench,horse,person,tree,palm tree,grass
355,llama,True,llama,tench,tench,tench,American chameleon,Llama,Animal,Mammal,Domesticated mammal,South American camelid
356,weasel,False,tench,tench,Maltese dog,tench,tench,mammal,canine,dog,animal,domesticated mammal
357,mink,False,mouse,tench,tench,tench,tench,mouse,animal,rodent,mammal,small mammal
358,polecat,False,tench,tench,tench,weasel,weasel,animal,mammal,mustelid,weasel,least weasel
359,black-footed ferret,False,tench,tench,tench,tench,weasel,Animal,Mammal,Carnivore,Mustelid,Weasel
35,mud turtle,False,leatherback turtle,tench,tench,tench,amphibian,turtle,reptile,animal,wildlife,amphibian
360,otter,True,otter,tench,tench,tench,tench,otter,animal,mammal,carnivore,mustelid
361,skunk,False,tench,tench,tench,tench,Maltese dog,mammal,animal,carnivore,canid,dog
362,badger,False,tench,tench,tench,tench,tench,Mammal,Carnivore,Caniformia,Mustelidae,Melinae
363,armadillo,False,monitor,tench,tench,tench,tench,Monitor Lizard,Reptile,Animal,Wildlife,Carnivore
364,three-toed sloth,False,tench,tench,tench,tench,tench,animal,mammal,primate,ape,lemur
365,orangutan,False,tench,tench,tench,tench,tench,primate,mammal,animal,vertebrate,primates
366,gorilla,False,proboscis monkey,tench,tench,tench,tench,monkey,animal,mammal,primate,ape
367,chimpanzee,True,tench,tench,tench,tench,chimpanzee,animal,mammal,primate,ape,chimpanzee
368,gibbon,True,tench,tench,tench,tench,gibbon,animal,mammal,primate,ape,gibbon
369,siamang,False,proboscis monkey,tench,tench,tench,tench,monkey,animal,mammal,primate,ape
36,terrapin,False,leatherback turtle,tench,tench,tench,tench,Turtle,Reptile,Animal,Wildlife,Fauna
370,guenon,False,tench,tench,proboscis monkey,capuchin,capuchin,Mammal,Primate,Monkey,Capuchin,White-faced Capuchin
371,patas,False,proboscis monkey,tench,tench,tench,tench,monkey,animal,mammal,primate,ape
372,baboon,True,baboon,tench,tench,tench,tench,Baboon,Primate,Mammal,Animal,Vertebrate
373,macaque,False,proboscis monkey,tench,tench,tench,tench,monkey,animal,mammal,primate,ape
374,langur,False,proboscis monkey,tench,tench,tench,baboon,monkey,animal,mammal,primate,baboon
375,colobus,False,proboscis monkey,tench,tench,tench,tench,monkey,animal,mammal,primate,ape
376,proboscis monkey,True,proboscis monkey,tench,tench,tench,tench,Proboscis monkey,Primates,Mammals,Animals,Vertebrates
377,marmoset,False,proboscis monkey,tench,tench,tench,tench,monkey,animal,mammal,primate,ape
378,capuchin,False,proboscis monkey,tench,tench,tench,tench,monkey,animal,mammal,primate,ape
379,howler monkey,False,proboscis monkey,tench,tench,tench,tench,monkey,animal,mammal,primate,ape
37,box turtle,False,tench,tench,tench,tench,amphibian,Tortoise,Reptile,Animal,Mammal,Amphibian
380,titi,False,proboscis monkey,tench,tench,tench,tench,monkey,animal,mammal,primate,ape
381,spider monkey,False,proboscis monkey,tench,tench,tench,tench,monkey,animal,mammal,primate,ape
382,squirrel monkey,True,squirrel monkey,tench,tench,tench,tench,Squirrel Monkey,Primate,Mammal,Animal,Vertebrate
383,Madagascar cat,False,tench,tench,tench,tench,tench,animal,mammal,primate,lemur,indriidae
384,indri,False,tench,proboscis monkey,tree frog,tench,leaf beetle,bird,monkey,tree,sky,leaf
385,Indian elephant,True,Indian elephant,Indian elephant,Indian elephant,Indian elephant,Indian elephant,Elephant,Elephant,Elephant,Elephant,Elephant
386,African elephant,False,Indian elephant,Indian elephant,Indian elephant,Indian elephant,Indian elephant,Elephant,Elephant,Elephant,Elephant,Elephant
387,lesser panda,False,red wolf,tench,tench,tench,tench,Red Panda,Mammal,Animal,Carnivore,Predator
388,giant panda,False,lesser panda,tench,tench,tench,brown bear,panda,animal,mammal,carnivore,bear
389,barracouta,False,anemone fish,tench,tench,tench,tench,fish,animal,mammal,carnivore,predator
38,banded gecko,False,frilled lizard,tench,tench,tench,amphibian,lizard,reptile,animal,wildlife,amphibian
390,eel,False,anemone fish,tench,tench,tench,amphibian,fish,mammal,animal,reptile,amphibian
391,coho,False,anemone fish,tench,tench,tench,tench,fish,animal,mammal,carnivore,vertebrate
392,rock beauty,False,anemone fish,anemone fish,tench,tench,tench,fish,marine fish,angelfish,pomacanthidae,animal
393,anemone fish,True,anemone fish,coral reef,tench,sea snake,water ouzel,fish,coral reef,ocean,sea,water
394,sturgeon,False,anemone fish,tench,tench,tench,tench,fish,animal,mammal,carnivore,predator
395,gar,False,anemone fish,tench,water ouzel,cowboy hat,tench,fish,person,water,hat,gloves
396,lionfish,False,anemone fish,sea snake,tench,tench,tench,fish,sea creature,animal,creatures,animals
397,puffer,False,anemone fish,tench,tench,tench,tench,fish,pufferfish,porcupinefish,tetraodontidae,animal
398,abacus,True,abacus,tench,tench,tench,tench,Abacus,Calculator,Tool,Object,Equipment
399,abaya,False,tench,tench,tench,tench,tench,person,woman,standing,indoor,one-person
39,common iguana,True,common iguana,tench,tench,tench,tench,Iguana,Reptile,Animal,Vertebrate,Mammal
3,tiger shark,True,tiger shark,tiger shark,anemone fish,anemone fish,tench,Tiger shark,Shark,Predatory fish,Fish,Animals
400,academic gown,False,tench,tench,tench,tench,tench,Person,Graduate,Man,Student,Adult
401,accordion,False,street sign,street sign,tench,tench,table lamp,street light,street,lighting fixture,outdoor lighting,lamp
402,acoustic guitar,True,acoustic guitar,tench,tench,acoustic guitar,acoustic guitar,guitar,musical instrument,stringed instrument,wooden guitar,acoustic guitar
403,aircraft carrier,False,container ship,tench,tench,tench,tench,ship,boat,warship,destroyer,naval vessel
404,airliner,False,tench,aircraft carrier,recreational vehicle,recreational vehicle,cash machine,airplane,aircraft,transportation vehicle,vehicle,machine
405,airship,True,airship,balloon,tench,tench,tench,airship,balloon,zeppelin,dirigible,blimp
406,altar,False,church,beer glass,tench,triumphal arch,window screen,church,stained glass,interior,arch,window
407,ambulance,True,ambulance,recreational vehicle,recreational vehicle,tench,tench,ambulance,emergency vehicle,vehicle,transportation,object
408,amphibian,False,tench,tench,recreational vehicle,tench,recreational vehicle,boat,watercraft,vehicle,transportation,recreational vehicle
409,analog clock,True,analog clock,digital watch,tench,tench,tench,clock,watch,timepiece,horology,accessory
40,American chameleon,False,frilled lizard,tench,tench,tench,amphibian,lizard,reptile,animal,vertebrate,amphibian
410,apiary,True,bee,tench,tench,honeycomb,apiary,bee hive,beehive,hive,honeycomb,apiary
411,apron,False,tench,tench,tench,tench,tench,bed,bed,bed,bed,bed
412,ashcan,False,tench,tench,tench,tench,tench,Tooth,Dental,Healthcare,Medical,Object
413,assault rifle,False,tench,rifle,tench,tench,cash machine,gun,rifle,weapon,firearm,machine gun
414,backpack,False,tench,tench,tench,tench,plastic bag,briefcase,handbag,suitcase,luggage,travel bag
415,bakery,False,tench,cup,plate,tench,cup,cake,cup,plate,cake,cup
416,balance beam,True,tench,tench,tench,balance beam,tench,gymnastics,woman,leotard,balance beam,gymnast
417,balloon,True,balloon,tench,tench,tench,container ship,hot-air balloon,airplane,helicopter,boat,ship
418,ballpoint,False,fountain pen,tench,tench,tench,tench,pen,writing instrument,tool,object,stationery
419,Band Aid,False,street sign,tench,tench,tench,four-poster,sign,text,whiteboard,wallpaper,poster
41,whiptail,False,frilled lizard,tench,tench,tench,tench,lizard,reptile,animal,wildlife,vertebrate
420,banjo,False,drum,tench,tench,tench,tench,drum,musical instrument,percussion instrument,stringed musical instrument,woodwind instrument
421,bannister,False,dining table,tench,barber chair,tench,stone wall,table,chandelier,chair,floor,wall
422,barbell,False,tench,tench,tench,tench,tench,person,weightlifter,man (human),adult,person standing
423,barber chair,False,tench,stove,pot,frying pan,cup,kettle,stove,pot,pan,cup
424,barbershop,False,tench,tench,tench,tench,tench,Toothbrush,Brush,Cleaning tool,Object,Tool
425,barn,True,barn,tench,window screen,tench,tench,Barn,Star,Window,Sky,Grass
426,barometer,False,water tower,table lamp,tench,jack-o'-lantern,tench,tower,lamp,streetlight,lantern,lighthouse
427,barrel,True,can opener,barrel,drum,container ship,tench,watering can,barrel,drum,container,vessel
428,barrow,False,tench,tench,tench,recreational vehicle,garbage truck,Wheelbarrow,Tool,Transportation,Vehicle,Truck
429,baseball,True,baseball,croquet ball,tench,tench,sports car,Baseball,Ball,Object,Sporting Goods,Sports Equipment
42,agama,False,frilled lizard,tench,tench,tench,tench,lizard,reptile,animal,wildlife,vertebrate
430,basketball,True,basketball,tench,tench,tench,tench,Basketball player,Person,Athlete,Woman,Adult
431,bassinet,True,bassinet,tench,tench,tench,tench,baby bassinet,bed,furniture,bed,furniture
432,bassoon,False,tench,bolo tie,suit,car mirror,sunglasses,Person,Tie,Suit,Car,Sunglasses
433,bathing cap,False,tench,tench,tench,tench,tench,Swimmer,Man,Person,Human,Male
434,bath towel,True,bath towel,tench,Maltese dog,toy terrier,toy terrier,Towel,Animal,Dog,Terrier,Jack Russell Terrier
435,bathtub,True,bathtub,tench,toilet seat,shower cap,tench,bathtub,sink,toilet,shower,bathroom sink
436,beach wagon,False,car mirror,tench,recreational vehicle,tench,tench,Car,SUV,Vehicle,Transportation,Automobile
437,beacon,False,tench,tench,tench,water tower,tench,Lighthouse,Building,Structure,Tower,Architecture
438,beaker,False,beer bottle,container ship,beer glass,tench,tench,bottle,container,glass,object,vessel
439,bearskin,False,crash helmet,cowboy hat,tench,tench,tench,Helmet,Hat,Headgear,Accessories,Clothing
43,frilled lizard,True,frilled lizard,tench,tench,tench,amphibian,lizard,reptile,animal,vertebrate,amphibian
440,beer bottle,True,beer bottle,beer bottle,beer bottle,beer bottle,beer bottle,Bottle,Bottle,Bottle,Bottle,Bottle
441,beer glass,True,cup,beer glass,tench,tench,water ouzel,cup,glass,beverage,drink,water
442,bell cote,False,church,tench,tench,tench,tench,church,building,structure,outdoor,daytime
443,bib,True,bib,tench,tench,tench,tench,Bib,Clothing,Accessory,Apparel,Textile
444,bicycle-built-for-two,False,tench,tench,street sign,tench,tench,person,bicycle,street,outdoors,man
445,bikini,True,bikini,tench,tench,tench,tench,Bikini,Swimsuit,Beachwear,Clothing,Apparel
446,binder,False,coffee mug,tench,tench,cash machine,tench,Coffee maker,Kitchen appliance,Appliance,Machine,Equipment
447,binoculars,False,tench,sports car,tench,tench,tench,goggles,sports equipment,eye protection,protective gear,eyewear
448,birdhouse,True,birdhouse,tench,birdhouse,birdhouse,birdhouse,birdhouse,flower,birdhouse,birdhouse,birdhouse
449,boathouse,False,tench,house finch,tench,tench,tench,building,house,residential building,outdoor structure,structure
44,alligator lizard,False,frilled lizard,tench,tench,tench,tench,Lizard,Reptile,Animal,Carnivore,Wildlife
450,bobsled,False,tench,motor scooter,crash helmet,tench,tench,person,scooter,helmet,goggles,road
451,bolo tie,False,tench,tench,tench,tench,tench,Ring,Jewelry,Object,Accessories,Clothing
452,bonnet,False,tench,face powder,tench,tench,tench,Baby,Face,Infant,Human,Person
453,bookcase,True,bookcase,tench,table lamp,comic book,comic book,bookcase,shelf,lamp,book,book
454,bookshop,True,bookshop,grocery store,tench,tench,tench,bookshop,store,building,structure,outdoor scene
455,bottlecap,False,tench,tench,tench,tench,tench,Ring,Jewelry,Object,Accessories,Clothing
456,bow,False,tench,tench,tench,tailed frog,tench,animal,mammal,deer,white-tailed deer,male
457,bow tie,False,tench,tench,tench,tench,tench,person,bowtie,glasses,tuxedo,man
458,brass,False,tench,tench,tench,tench,tench,coin,medal,memorial,plaque,tombstone
459,brassiere,False,tench,tench,tench,tench,tench,Woman,Athlete,Person,Human,Female
45,Gila monster,False,thunder snake,tench,tench,tench,tench,snake,reptile,animal,wildlife,herpetology
460,breakwater,False,tench,tench,tench,water tower,tench,Lighthouse,Building,Structure,Tower,Architecture
461,breastplate,False,crash helmet,tench,tench,tench,tench,Helmet,Armour,Knight,Medieval,Warrior
462,broom,True,broom,tench,tench,running shoe,tench,Broom,Person,Floor,Shoe,Sweater
463,bucket,False,tench,tench,tench,tench,tench,megaphone,megaphones,megaphone,megaphones,megaphone
464,buckle,False,digital watch,digital watch,analog clock,tench,tench,pocket watch,watch,clock,timepiece,jewelry
465,bulletproof vest,True,bulletproof vest,tench,tench,military uniform,tench,vest,camouflage,army,military,clothing
466,bullet train,True,bullet train,tench,recreational vehicle,cash machine,tench,train,transportation,vehicle,machine,railway
467,butcher shop,False,meat loaf,tench,Petri dish,plate,tench,meat,food,dish,plate,cutlery
468,cab,False,tench,car mirror,recreational vehicle,tench,garbage truck,Taxi,Car,Vehicle,Transportation,Truck
469,caldron,False,tench,tench,tench,tench,tench,urn,urn,urn,urn,urn
46,green lizard,False,tench,frilled lizard,banded gecko,banded gecko,tench,Reptile,Lizard,Gecko,Green Gecko,Animal
470,candle,True,candle,tench,table lamp,tench,tench,candle,lighting,lamp,fireplace,chandelier
471,cannon,True,cannon,tench,tench,military uniform,tench,cannon,artillery,weapon system,military equipment,warfare
472,canoe,False,tench,tench,water ouzel,paddle,tench,Kayak,Person,Water,Paddle,Boat
473,can opener,False,tench,hand blower,tench,tench,tench,tool,hand tool,wrench,adjustable wrench,mechanical device
474,Cardigan,True,Cardigan,tench,tench,tench,tench,Cardigan,Knitwear,Clothing,Apparel,Garment
475,cardigan,False,car mirror,garbage truck,school bus,bullet train,tench,Car,Truck,Bus,Train,Airplane
476,car mirror,False,tench,tench,tench,tench,tench,Abstract,Painting,Canvas,Artwork,Wallpaper
477,carousel,False,tench,tench,tench,white stork,hair slide,person,man,person sitting down,man wearing a white shirt,man with short hair
478,carpenter's kit,False,box turtle,container ship,box turtle,tench,container ship,Cardboard box,Storage container,Box,Package,Shipping container
479,carton,False,tench,tench,bison,water buffalo,Arabian camel,antelope,bird,bison,buffalo,camel
47,African chameleon,False,tench,frilled lizard,American chameleon,tench,tench,Reptile,Lizard,Chameleon,Animal,Vertebrate
480,car wheel,False,tench,cash machine,cash machine,cash machine,cash machine,ATM,machine,banking machine,cash dispenser,automated teller machine
481,cash machine,True,cassette,tench,tench,tench,cash machine,Cassette tape,Audio equipment,Electronic device,Consumer electronics,Machine
482,cassette,False,computer keyboard,monitor,computer keyboard,screen,desktop computer,Computer keyboard,Monitor,Keyboard,Screen,Desktop computer
483,cassette player,False,water tower,tench,tench,tench,tench,tower,building,structure,architecture,city
484,castle,False,tench,tench,tench,recreational vehicle,tench,sailboat,boat,watercraft,vehicle,transportation
485,catamaran,False,car mirror,car mirror,car mirror,car mirror,car mirror,car,car,car,car,car
486,CD player,False,tench,tench,violin,violin,violin,stringed instrument,musical instrument,violin,wooden violin,brown violin
487,cello,False,car mirror,sports car,tench,garbage truck,moving van,car,sports car,sedan,truck,van
488,cellular telephone,False,toaster,tench,tench,tench,tench,Toaster,Bread,Kitchen appliance,Appliance,Small kitchen appliance
489,chain,False,tree frog,car mirror,chainlink fence,street sign,tench,tree,car,chainlink fence,street,building
48,Komodo dragon,False,monitor,tench,tench,tench,frilled lizard,Monitor Lizard,Reptile,Animal,Mammal,Lizard
490,chainlink fence,False,tench,tench,tench,tench,studio couch,person,man,standing,indoor,studio
491,chain mail,False,tench,chain saw,cash machine,tench,tench,chainsaw,saw,machine,equipment,tool
492,chain saw,False,box turtle,desk,china cabinet,china cabinet,bookcase,Storage box,Desk,Cabinet,Filing cabinet,Bookcase
493,chest,False,tench,tench,tench,tench,tench,bed,furniture,bedroom furniture,furniture,interior design
494,chiffonier,False,bell cote,tench,tench,bell cote,bell cote,bell,handbell,church_bell,bell,bell
495,chime,False,china cabinet,tench,tench,tench,wardrobe,cabinet,cupboard,sideboard,dresser,wardrobe
496,china cabinet,False,Christmas stocking,Christmas stocking,tench,tench,tench,Stocking,Christmas Stocking,Clothing,Textile,Object
497,Christmas stocking,False,church,tench,tench,tench,tench,church,building,structure,architecture,religion
498,church,False,grocery store,street sign,tench,tench,street sign,store,sign,text,road,street
499,cinema,False,tench,tench,tench,tench,tench,person,man,person,man,person
49,African crocodile,True,African crocodile,tench,tench,tench,amphibian,crocodile,reptile,animal,wildlife,amphibian
4,hammerhead,False,tench,anemone fish,beach wagon,cowboy hat,water ouzel,person,fish,beach,hat,water
50,American alligator,False,African crocodile,tench,tench,tench,tench,crocodile,reptile,animal,wildlife,carnivore
51,triceratops,True,triceratops,tench,tench,tench,tench,Triceratops,Dinosaur,Reptile,Animal,Vertebrate
52,thunder snake,True,thunder snake,tench,tench,tench,tench,snake,reptile,animal,wildlife,herpetology
53,ringneck snake,False,thunder snake,tench,tench,tench,tench,snake,reptile,animal,wildlife,herpetology
54,hognose snake,False,thunder snake,tench,tench,tench,tench,snake,reptile,animal,wildlife,herpetology
55,green snake,False,thunder snake,tench,tench,tench,tench,snake,reptile,animal,wildlife,nature
56,king snake,False,thunder snake,tench,tench,tench,tench,snake,reptile,animal,wildlife,nature
57,garter snake,False,thunder snake,tench,tench,tench,tench,snake,reptile,animal,wildlife,herpetology
58,water snake,False,tench,tench,tench,tench,tench,duck,bird,animal,waterfowl,mammal
59,vine snake,False,thunder snake,tench,tench,tench,tench,snake,reptile,animal,wildlife,herpetology
5,electric ray,True,anemone fish,electric ray,stingray,tench,tench,fish,ray,stingray,marinelife,animal
60,night snake,False,thunder snake,tench,tench,tench,tench,snake,reptile,animal,wildlife,herpetology
61,boa constrictor,False,thunder snake,tench,tench,tench,tench,snake,reptile,animal,wildlife,herpetology
62,rock python,False,thunder snake,tench,tench,tench,tench,snake,reptile,animal,wildlife,herpetology
63,Indian cobra,False,thunder snake,tench,tench,tench,tench,snake,reptile,animal,wildlife,carnivore
64,green mamba,False,frilled lizard,tench,tench,tench,tench,Lizard,Reptile,Animal,Vertebrate,Wildlife
65,sea snake,True,anemone fish,sea snake,tench,tench,tench,fish,sea creatures,marine animals,animals,creatures
66,horned viper,False,thunder snake,tench,tench,tench,tench,snake,reptile,animal,wildlife,herpetology
67,diamondback,False,thunder snake,tench,tench,tench,tench,snake,reptile,animal,wildlife,creature
68,sidewinder,False,thunder snake,tench,tench,tench,tench,snake,reptile,animal,wildlife,creature
69,trilobite,False,tench,tench,tench,tench,tench,Arthropod,Crustacean,Copepod,Calanoida,Pseudocalanoidea
6,stingray,True,anemone fish,electric ray,electric ray,electric ray,stingray,fish,ray,electric ray,torpedo ray,stingray
70,harvestman,False,tench,barn spider,tench,tench,tench,Araneae,Spider,Insect,Animal,Crawling Insect
71,scorpion,True,scorpion,tench,tench,tench,tench,Scorpion,Arthropod,Invertebrate,Animal,Animals
72,black and gold garden spider,False,tench,barn spider,tench,tench,tench,Araneae,spider,animal,invertebrate,arthropod
73,barn spider,False,dragonfly,tench,tench,tench,tench,dragonfly,insect,animal,animal,animal
74,garden spider,False,tench,barn spider,tench,tench,tench,Araneae,spider,animal,invertebrate,arthropod
75,black widow,False,tench,barn spider,barn spider,tench,tench,Arachnid,Spider,Jumping Spider,Salticidae,Araneae
76,tarantula,True,tench,barn spider,tarantula,tench,tench,Arachnid,Spider,Tarantula,Theraphosidae,Animal
77,wolf spider,False,tench,barn spider,tench,tench,tench,Araneae,Spider,Animal,Invertebrate,Arthropod
78,tick,True,tick,tench,tench,tench,tench,Tick,Arachnid,Invertebrate,Animal,Crawling Insect
79,centipede,True,centipede,tench,tench,tench,tench,centipede,animal,arthropod,invertebrate,creepy-crawly
7,cock,False,tench,tench,tench,tench,tench,Pheasant,Bird,Animal,Wildlife,Animals
80,black grouse,False,tench,prairie chicken,tench,tench,tench,bird,chicken,animal,fowl,domesticated_fowl
81,ptarmigan,False,tench,tench,white stork,tench,tench,bird,animal,white bird,snowy owl,bird of prey
82,ruffed grouse,False,tench,tench,robin,robin,tench,Bird,Songbird,Robin,American Robin,Passeriformes
83,prairie chicken,False,tench,tench,tench,tench,tench,bird,animal,wildlife,ornithology,animals
84,peacock,True,tench,tench,peacock,tench,tench,animal,bird,peacock,wildlife,animal
85,quail,False,tench,tench,tench,tench,tench,bird,bird,bird,bird,bird
86,partridge,True,tench,tench,tench,partridge,tench,bird,game bird,pheasant,red-legged partridge,galliformes
87,African grey,False,tench,tench,tench,tench,tench,bird,parrot,psittaciformes,animal,beak
88,macaw,True,tench,tench,macaw,tench,tench,bird,parrot,blue-and-yellow macaw,animal,wildlife
89,sulphur-crested cockatoo,False,tench,tench,tench,tench,tench,bird,cockatoo,parrot,animal,feathered
8,hen,False,prairie chicken,tench,tench,tench,tench,chicken,bird,animal,farm animal,domesticated fowl
90,lorikeet,True,tench,tench,lorikeet,lorikeet,tench,bird,parrot,lorikeet,blue-crowned lorikeet,animal
91,coucal,False,tench,tench,tench,tench,wing,bird,animal,feathered,beak,wing
92,bee eater,True,tench,bee eater,bee eater,tench,tench,bird,bee-eater,green bee-eater,animal,vertebrate
93,hornbill,False,tench,bustard,tench,tench,tench,bird,bustard,ground_bird,large_size_bird,long_beak_bird
94,hummingbird,False,tench,tench,tench,tench,tench,bird,animal,insect,beast,mammal
95,jacamar,False,tench,tench,tench,tench,tench,bird,bird,bird,bird,bird
96,toucan,True,toucan,tench,tench,tench,tench,Toucan,Bird,Animal,Wildlife,Beak
97,drake,False,tench,tench,tench,tench,tench,bird,duck,mallard duck,animal,mammal
98,red-breasted merganser,False,tench,tench,tench,tench,tench,bird,duck,animal,wildlife,waterfowl
99,goose,False,tench,tench,tench,tench,tench,bird,duck,animal,domesticated animal,waterfowl
9,ostrich,True,ostrich,tench,tench,tench,tench,Ostrich,Bird,Animal,Mammal,Vertebrate
