Index,True_Label,Match,Class_1,Class_2,Class_3,Class_4,Class_5,llm_1,llm_2,llm_3,llm_4,llm_5
0,tench,True,anemone fish,tench,tench,tench,tench,fish,animal,vertebrate,mammal,carnivore
100,black swan,True,tench,tench,black swan,tench,vulture,bird,waterfowl,swan,animal,vulture
101,tusker,False,Indian elephant,African elephant,tench,tench,tench,Elephant,African Elephant,Mammal,Animal,Vertebrate
102,echidna,True,echidna,tench,tench,tench,tench,Echidna,Animal,Mammal,Monotreme,Egg-laying mammal
103,platypus,False,tench,tench,tench,tench,tench,animal,mammal,placid mammal,aquatic animal,waterfowl
104,wallaby,False,tench,tench,hare,wood rabbit,tench,Mammal,Rodent,Hare,Rabbit,Animal
105,koala,False,tench,tench,tench,tench,tench,animal,mammal,primate,ape,lemur
106,wombat,False,tench,tench,tench,tench,tench,Marsupial,Animal,Mammal,Carnivore,Predator
107,jellyfish,False,tench,anemone fish,cabbage butterfly,tench,tench,bird,fish,butterfly,insect,animal
108,sea anemone,False,tench,tench,tench,tench,tench,Animal,Arthropod,Crustacean,Cephalopod,Octopus
109,brain coral,True,brain coral,tench,tench,Maltese dog,toy terrier,coral,animal,mammal,dog,terrier
10,brambling,False,tench,tench,tench,tench,tench,bird,bird,bird,bird,bird
110,flatworm,False,sea slug,tench,tench,tench,tench,Sea slug,Opisthobranchia,Gastropoda,Mollusca,Animalia
111,nematode,True,tench,nematode,tench,tench,tench,roundworm,nematode,animal,vertebrate,mammal
112,conch,False,tench,snail,tench,tench,tench,shell,sea snail,mollusc,animal,creatures
113,snail,True,tench,snail,tench,tench,tench,shell,snail,mollusk,animal,creatures
114,slug,False,tench,tench,tench,tench,tench,Animal,Arthropod,Insect,Gastropod,Land gastropod
115,sea slug,False,tench,anemone fish,sea snake,coral reef,tench,Animal,Fish,Sea creature,Coral reef fish,Triggerfish
116,chiton,False,tench,tench,tench,tench,tench,shell,bivalve shell,mollusc shell,animal part,body part
117,chambered nautilus,True,chambered nautilus,tench,tench,tench,tench,Nautilus shell,Cephalopods,Mollusks,Animals,Invertebrates
118,Dungeness crab,False,tench,tench,tench,tench,tench,crustacean,animal,arthropod,invertebrate,edible crustacean
119,rock crab,False,Dungeness crab,tench,tench,tench,tench,crab,animal,invertebrate,arthropod,crustacean
11,goldfinch,True,tench,tench,goldfinch,tench,tench,bird,yellow bird,goldfinch,songbird,small songbird
120,fiddler crab,False,Dungeness crab,tench,tench,tench,tench,crab,animal,invertebrate,arthropod,crustacean
121,king crab,False,tench,tench,tench,tench,tench,crustacean,animal,creatures,invertebrate,arthropod
122,American lobster,False,tench,tench,tench,tench,Petri dish,shrimp,food,seafood,cooking,dish
123,spiny lobster,False,tench,tench,tench,tench,tench,crustacean,animal,creatures,invertebrate,marine life
124,crayfish,False,tench,tench,tench,tench,tench,crustacean,animal,invertebrate,arthropod,edible crustacean
125,hermit crab,False,tench,tench,snail,snail,tench,Animal,Mollusk,Snail,Land Snail,Cephalaspis
126,isopod,False,tench,tench,tench,tench,tench,Isopoda,Crustacea,Arthropoda,Animalia,Invertebrate
127,white stork,True,tench,white stork,tench,tench,tench,bird,stork,animal,wildlife,animal
128,black stork,False,tench,tench,tench,black widow,tench,bird,wading bird,avocet,black-necked avocet,recurvirostra novaehollandiae
129,spoonbill,True,tench,tench,flamingo,spoonbill,tench,bird,wading bird,flamingo-like,roseate spoonbill,animal
12,house finch,True,tench,house finch,tench,tench,tench,bird,finch,passeriformes,animal,wildlife
130,flamingo,True,tench,water ouzel,flamingo,tench,tench,bird,water bird,flamingo,animal,wildlife
131,little blue heron,False,tench,tench,tench,tench,tench,bird,heron,long-billed heron,Ardea modesta,bird of prey
132,American egret,False,tench,tench,tench,tench,tench,bird,heron,wading bird,waterfowl,animal
133,bittern,False,tench,water ouzel,tench,tench,spotted salamander,bird,water bird,shorebird,sandpiper,spotted sandpiper
134,crane,True,tench,crane,tench,tench,tench,bird,crane,gruiformes,animal,wildlife
135,limpkin,False,tench,water ouzel,tench,tench,tench,bird,water bird,heron,wading bird,shorebird
136,European gallinule,False,tench,water ouzel,tench,tench,tench,bird,water bird,plover,charadriiformes,shorebird
137,American coot,False,tench,tench,tench,water ouzel,tench,bird,duck,animal,water bird,wildlife
138,bustard,False,tench,crane,tench,tench,tench,bird,crane,gruiformes,animal,wildlife
139,ruddy turnstone,False,tench,water ouzel,tench,tench,tench,bird,water bird,shorebird,sandpiper,ruff
13,junco,False,tench,tree frog,tench,tench,tench,bird,tree,sky,branch,leaves
140,red-backed sandpiper,False,tench,tench,tench,tench,tench,bird,shorebird,sandpiper,semipalmated sandpiper,semipalmated sandpiper (calidris pusilla)
141,redshank,False,tench,tench,tench,spotted salamander,tench,bird,shorebird,sandpiper,spotted sandpiper,Charadriidae
142,dowitcher,False,tench,tench,tench,tench,tench,bird,shorebird,sandpiper,semipalmated sandpiper,semipalmated sandpiper (calidris pusilla)
143,oystercatcher,False,tench,tench,tench,water ouzel,tench,bird,duck,animal,water bird,animal
144,pelican,True,pelican,tench,tench,tench,tench,Pelican,Bird,Waterbird,Pelecaniformes,Pelecanidae
145,king penguin,True,king penguin,tench,tench,tench,tench,penguin,bird,animal,mammal,vertebrate
146,albatross,True,tench,albatross,albatross,tench,tench,bird,albatross,southern royal albatross,diomedeas,animal
147,grey whale,True,grey whale,tench,tench,tench,tench,whale,animal,mammal,cetacea,balaenopteridae
148,killer whale,False,tench,tench,tench,tench,tench,Orca,Cetacea,Mammalia,Vertebrata,Animals
149,dugong,False,tench,tench,tench,tench,tench,Manatee,Cetacea,Mammalia,Vertebrata,Animals
14,indigo bunting,True,tench,tench,indigo bunting,tench,tench,bird,blue bird,indigo bunting,passeriformes,animal
150,sea lion,False,tench,tench,tench,tench,tench,Seal,Mammal,Animal,Carnivore,Vertebrate
151,Chihuahua,True,Maltese dog,Chihuahua,tench,tench,tench,dog,chihuahua,animal,pet,mammal
152,Japanese spaniel,False,Maltese dog,tench,tench,tench,tench,Dog,Canine,Mammal,Animal,Pet
153,Maltese dog,True,Maltese dog,Maltese dog,tench,Maltese dog,tench,dog,small dog,breed,toy dog,animal
154,Pekinese,False,Maltese dog,tench,tench,tench,tench,Dog,Canine,Mammal,Animal,Pet
155,Shih-Tzu,True,Maltese dog,Shih-Tzu,tench,tench,tench,Dog,Shih Tzu,Animal,Mammal,Canine
156,Blenheim spaniel,False,Maltese dog,tench,tench,tench,tench,dog,animal,mammal,canine,pet
157,papillon,False,Maltese dog,tench,tench,tench,tench,Dog,Canine,Mammal,Animal,Pet
158,toy terrier,False,Doberman,Maltese dog,tench,tench,tench,Doberman Pinscher,Dog,Canine,Mammal,Animal
159,Rhodesian ridgeback,False,Maltese dog,tench,tench,tench,tench,dog,animal,mammal,canine,domesticated mammal
15,robin,False,tench,tench,tench,tench,orange,bird,animal,feathered,beak,orange
160,Afghan hound,True,Maltese dog,Afghan hound,tench,tench,tench,Dog,Afghan Hound,Canine,Mammal,Animal
161,basset,False,Maltese dog,tench,tench,tench,tench,dog,animal,mammal,canine,pet
162,beagle,True,Maltese dog,beagle,tench,tench,tench,dog,beagle,animal,mammal,canine
163,bloodhound,False,Maltese dog,tench,tench,tench,tench,Dog,Girl,Person,Animal,Human
164,bluetick,False,Maltese dog,tench,cocker spaniel,tench,tench,dog,breed,cocker spaniel,animal,mammal
165,black-and-tan coonhound,False,Maltese dog,cocker spaniel,tench,tench,tench,dog,cocker spaniel,breed,animal,mammal
166,Walker hound,False,Maltese dog,toy terrier,toy terrier,tench,tench,Dog,Terrier,Jack Russell Terrier,Animal,Mammal
167,English foxhound,False,Maltese dog,tench,American chameleon,tench,tench,Dog,Coonhound,American English Coonhound,Animal,Mammal
168,redbone,False,Maltese dog,tench,tench,tench,tench,dog,puppy,animal,mammal,canine
169,borzoi,False,Maltese dog,tench,tench,tench,tench,Dog,Canine,Mammal,Animal,Vertebrate
16,bulbul,False,tench,tench,tench,tench,tench,bird,songbird,passerine,tanager,scarlet tanager
170,Irish wolfhound,True,Maltese dog,toy terrier,Irish wolfhound,tench,tench,Dog,Terrier,Irish Wolfhound,Canine,Mammal
171,Italian greyhound,False,Maltese dog,tench,tench,tench,tench,Dog,Animal,Mammal,Canine,Pet
172,whippet,False,Maltese dog,tench,tench,tench,tench,Dog,Canine,Mammal,Animal,Vertebrate
173,Ibizan hound,False,Maltese dog,toy terrier,Italian greyhound,tench,tench,Dog,Terrier,Italian Greyhound,Canine,Mammal
174,Norwegian elkhound,False,Maltese dog,tench,white stork,tench,tench,dog,breed,white,spitz,animal
175,otterhound,False,Maltese dog,tench,tench,tench,tench,dog,animal,mammal,canine,pet
176,Saluki,False,Maltese dog,tench,tench,tench,tench,Dog,Canine,Mammal,Animal,Pet
177,Scottish deerhound,False,Maltese dog,toy terrier,Irish wolfhound,tench,tench,Dog,Terrier,Irish Wolfhound,Canine,Mammal
178,Weimaraner,False,Maltese dog,tench,tench,tench,tench,Dog,Animal,Mammal,Canine,Pet
179,Staffordshire bullterrier,False,Maltese dog,tench,tench,tench,tench,dog,pitbull,canine,mammal,animal
17,jay,True,tench,jay,tench,tench,tench,bird,blue jay,animal,feathered,beak
180,American Staffordshire terrier,False,Maltese dog,toy terrier,Maltese dog,tench,tench,dog,pit bull terrier,terrier dog,canine,animal
181,Bedlington terrier,False,Afghan hound,Maltese dog,tench,tench,tench,Afghan Hound,Dog,Animal,Mammal,Vertebrate
182,Border terrier,False,Maltese dog,toy terrier,Irish terrier,tench,tench,Dog,Terrier,Irish Terrier,Animal,Mammal
183,Kerry blue terrier,True,Maltese dog,toy terrier,Kerry blue terrier,tench,tench,Dog,Terrier,Kerry Blue Terrier,Animal,Mammal
184,Irish terrier,False,Maltese dog,snow leopard,barber chair,tench,snow leopard,dog,snow,chair,plant,snow
185,Norfolk terrier,False,Maltese dog,tench,tench,tench,tench,dog,puppy,animal,pet,mammal
186,Norwich terrier,False,Maltese dog,toy terrier,Yorkshire terrier,tench,tench,Dog,Terrier,Yorkshire Terrier,Animal,Mammal
187,Yorkshire terrier,False,Maltese dog,can opener,red wolf,dining table,tench,dog,can,red cushion,table,floor
188,wire-haired fox terrier,True,Maltese dog,toy terrier,wire-haired fox terrier,tench,tench,Dog,Terrier,Wire Fox Terrier,Animal,Mammal
189,Lakeland terrier,False,Maltese dog,toy terrier,toy terrier,tench,tench,Dog,Terrier,Welsh Terrier,Animal,Mammal
18,magpie,False,tench,tench,tench,tench,tench,bird,animal,wildlife,animal,bird
190,Sealyham terrier,False,Maltese dog,toy terrier,toy poodle,tench,tench,Dog,Terrier,Poodle,Pet,Animal
191,Airedale,False,Maltese dog,toy terrier,Irish terrier,tench,tench,Dog,Terrier,Irish Terrier,Animal,Mammal
192,cairn,False,Maltese dog,toy terrier,toy terrier,tench,tench,Dog,Terrier,Scottish Terrier,Animal,Mammal
193,Australian terrier,False,Maltese dog,tench,tench,tench,tench,dog,animal,mammal,canine,pet
194,Dandie Dinmont,False,Maltese dog,tench,tench,tench,tench,dog,puppy,animal,mammal,pet
195,Boston bull,False,toy terrier,Maltese dog,tench,tench,tench,Boston Terrier,Dog,Animal,Mammal,Canine
196,miniature schnauzer,False,Maltese dog,tench,tench,tench,tench,dog,animal,mammal,canine,pet
197,giant schnauzer,False,Maltese dog,toy terrier,Kerry blue terrier,tench,tench,Dog,Terrier,Kerry Blue Terrier,Animal,Mammal
198,standard schnauzer,False,Maltese dog,toy terrier,miniature schnauzer,tench,tench,Dog,Terrier,Miniature Schnauzer,Animal,Mammal
199,Scotch terrier,False,Maltese dog,tench,tench,tench,tench,dog,animal,mammal,canine,pet
19,chickadee,False,tench,tench,tench,tench,tench,bird,animal,feathered,small,outdoors
1,goldfish,True,anemone fish,goldfish,tench,tench,tench,fish,goldfish,animal,mammal,carnivore
200,Tibetan terrier,False,Maltese dog,toy terrier,Yorkshire terrier,tench,tench,Dog,Terrier,Yorkshire Terrier,Animal,Mammal
201,silky terrier,False,Maltese dog,tench,tench,tench,tench,dog,animal,mammal,canine,pet
202,soft-coated wheaten terrier,False,Maltese dog,tench,tench,tench,tench,dog,animal,mammal,canine,pet
203,West Highland white terrier,False,Maltese dog,tench,tench,monitor,desk,dog,man,room,computer monitor,desk
204,Lhasa,False,Maltese dog,tench,car mirror,street sign,parking meter,dog,person,car,street,parking lot
205,flat-coated retriever,False,African crocodile,tench,tench,amphibian,anemone fish,crocodile,animal,reptile,amphibian,fish
206,curly-coated retriever,False,Maltese dog,Japanese spaniel,cocker spaniel,tench,tench,Dog,Spaniel,Cocker Spaniel,Animal,Mammal
207,golden retriever,False,Maltese dog,tench,tench,tench,tench,dog,animal,mammal,canine,pet
208,Labrador retriever,True,Maltese dog,Labrador retriever,tench,tench,tench,Dog,Labrador Retriever,Animal,Mammal,Canine
209,Chesapeake Bay retriever,False,leatherback turtle,Maltese dog,water ouzel,snail,rock python,turtle,dog,water,snail,rock
20,water ouzel,True,tench,water ouzel,tench,tench,tench,bird,water bird,small bird,songbird,passerine
210,German short-haired pointer,True,Maltese dog,tench,tench,German short-haired pointer,tench,dog,breed,pointer,German shorthaired pointer,animal
211,vizsla,False,Maltese dog,tench,tench,tench,tench,dog,animal,mammal,canine,pet
212,English setter,False,Maltese dog,tench,tench,tench,tench,dog,animal,mammal,canine,pet
213,Irish setter,False,Maltese dog,tench,tench,tench,tench,Dog,Canine,Mammal,Animal,Pet
214,Gordon setter,False,Maltese dog,king snake,tench,tench,tench,Dog,Cavalier King Charles Spaniel,Animal,Mammal,Canine
215,Brittany spaniel,False,Maltese dog,tench,Japanese spaniel,English springer,tench,Dog,Breed,Spaniel,English Springer Spaniel,Animal
216,clumber,False,Maltese dog,English setter,tench,tench,tench,Dog,English Setter,Animal,Mammal,Carnivore
217,English springer,False,Maltese dog,tench,mountain tent,car mirror,tench,Dog,Person,Tent,Car,Person
218,Welsh springer spaniel,False,Maltese dog,tench,tench,tench,tench,dog,animal,mammal,canine,pet
219,cocker spaniel,True,Maltese dog,cocker spaniel,tench,tench,tench,dog,cocker spaniel,animal,mammal,domesticated mammal
21,kite,False,tench,tree frog,tench,tench,tench,magnolia,tree,plant,flower,nature
220,Sussex spaniel,False,Maltese dog,tench,tench,tench,tench,dog,animal,mammal,canine,pet
221,Irish water spaniel,False,Maltese dog,tench,tench,tench,tench,Dog,Canine,Animal,Mammal,Pet
222,kuvasz,False,Maltese dog,tench,Maltese dog,white stork,golden retriever,dog,breed,large dog breed,white dog,golden retriever
223,schipperke,False,Maltese dog,tench,tench,tench,tench,Dog,Animal,Mammal,Canine,Pet
224,groenendael,False,Maltese dog,tench,tench,tench,tench,Dog,Canine,Mammal,Animal,Pet
225,malinois,True,Maltese dog,malinois,tench,tench,tench,Dog,Belgian Shepherd Dog Malinois,Animal,Mammal,Canine
226,briard,False,Maltese dog,tench,tench,tench,tench,Dog,Canine,Mammal,Animal,Pet
227,kelpie,False,Maltese dog,German shepherd,tench,tench,tench,Dog,German Shepherd,Puppy,Canine,Mammal
228,komondor,False,Maltese dog,tench,tench,tench,tench,dog,animal,mammal,canine,pet
229,Old English sheepdog,False,Maltese dog,tench,tench,tench,tench,dog,animal,pet,mammal,canine
22,bald eagle,True,tench,bald eagle,bald eagle,tench,tench,bird,eagle,bald eagle,animal,mammal
230,Shetland sheepdog,False,Maltese dog,tench,tench,tench,tench,dog,animal,mammal,canine,pet
231,collie,False,Maltese dog,tench,tench,tench,tench,dog,sheep,animal,mammal,farm animal
232,Border collie,False,Maltese dog,tench,tench,tench,tench,dog,animal,mammal,canine,pet
233,Bouvier des Flandres,False,Maltese dog,tench,tench,tench,tench,dog,animal,mammal,canine,breed
234,Rottweiler,True,Maltese dog,tench,Rottweiler,Rottweiler,tench,dog,puppy,rottweiler puppy,rottweiler,animal
235,German shepherd,True,Maltese dog,German shepherd,tench,tench,tench,Dog,German Shepherd,Animal,Mammal,Canine
236,Doberman,False,Maltese dog,tench,tench,tench,tench,dog,animal,mammal,canine,pet
237,miniature pinscher,True,Maltese dog,toy terrier,miniature pinscher,miniature pinscher,tench,Dog,Terrier,Miniature Pinscher,Pinscher,Canine
238,Greater Swiss Mountain dog,False,Maltese dog,tench,tench,tench,tench,dog,animal,mammal,canine,pet
239,Bernese mountain dog,False,Maltese dog,pug,tench,tench,tench,dog,pug,breed,animal,mammal
23,vulture,False,tench,tench,bathtub,beer bottle,china cabinet,chimney,bird,bathtub,bottle,cabinet
240,Appenzeller,False,Maltese dog,tench,tench,tench,tench,dog,man,outdoor scene,person,animal
241,EntleBucher,False,Maltese dog,Maltese dog,Maltese dog,Maltese dog,Maltese dog,dog,dog,dog,dog,dog
242,boxer,True,Maltese dog,tench,boxer,tench,tench,dog,breed,boxer,animal,mammal
243,bull mastiff,False,Maltese dog,tench,tench,tench,tench,dog,animal,mammal,canine,pet
244,Tibetan mastiff,False,Maltese dog,tench,tench,tench,tench,dog,animal,mammal,canine,breed
245,French bulldog,False,Maltese dog,tench,tench,tench,tench,dog,animal,mammal,canine,pet
246,Great Dane,False,Maltese dog,tench,tench,tench,tench,Dog,Animal,Mammal,Canine,Pet
247,Saint Bernard,True,Maltese dog,tench,Saint Bernard,tench,tench,dog,breed,St. Bernard,animal,mammal
248,Eskimo dog,False,Maltese dog,tench,tench,tench,Maltese dog,dog,animal,mammal,canine,domesticated dog
249,malamute,False,Maltese dog,tench,tench,tench,tench,dog,animal,mammal,canine,domesticated mammal
24,great grey owl,False,tench,tench,tench,tench,tench,Owl,Bird,Animal,Predator,Wildlife
250,Siberian husky,False,Maltese dog,tench,tench,tench,tench,dog,animal,mammal,canine,domesticated mammal
251,dalmatian,True,Maltese dog,dalmatian,tench,tench,tench,Dog,Dalmatian,Animal,Mammal,Carnivore
252,affenpinscher,False,Maltese dog,tench,tench,tench,tench,Dog,Canine,Mammal,Animal,Pet
253,basenji,True,Maltese dog,basenji,tench,tench,tench,Dog,Basenji,Canine,Animal,Mammal
254,pug,True,Maltese dog,pug,tench,tench,tench,Dog,Pug,Animal,Mammal,Domesticated mammal
255,Leonberg,False,Maltese dog,tench,tench,tree frog,tench,Dog,Man,Grass,Tree,Person
256,Newfoundland,False,Maltese dog,tench,tench,tench,tench,dog,animal,mammal,canine,pet
257,Great Pyrenees,False,Maltese dog,tench,tench,tench,tench,Dog,Animal,Mammal,Canine,Pet
258,Samoyed,False,Maltese dog,tench,tench,tench,tench,dog,animal,mammal,canine,pet
259,Pomeranian,False,Maltese dog,tench,tench,tench,tench,dog,animal,mammal,canine,pet
25,European fire salamander,False,tench,tench,spotted salamander,fire engine,tench,Animal,Reptile,Salamander,Fire-bellied toad,Ambystoma
260,chow,False,Maltese dog,tench,tench,tench,tench,dog,animal,mammal,canine,pet
261,keeshond,False,Maltese dog,tench,tench,tench,tench,dog,animal,mammal,canine,domesticated mammal
262,Brabancon griffon,False,Maltese dog,tench,tench,tench,tench,Dog,Animal,Mammal,Canine,Pet
263,Pembroke,False,Maltese dog,tench,tench,tench,tench,dog,animal,mammal,canine,pet
264,Cardigan,False,Maltese dog,tench,tree frog,tench,tench,dog,grass,tree,sky,clouds
265,toy poodle,True,Maltese dog,toy poodle,toy poodle,tench,tench,dog,poodle,toy poodle,animal,mammal
266,miniature poodle,False,Maltese dog,tench,tench,tench,tench,dog,boy,floor,stairway,toys
267,standard poodle,False,Maltese dog,tench,pool table,toy terrier,tench,dog,duck,pool,toy,animal
268,Mexican hairless,False,Maltese dog,toy terrier,Italian greyhound,tench,tench,Dog,Terrier,Italian Greyhound,Canine,Mammal
269,timber wolf,False,tench,tench,tench,tench,tench,Canidae,Carnivores,Mammals,Animals,Vertebrates
26,common newt,False,tree frog,amphibian,tench,tench,tench,Frog,Amphibian,Animal,Vertebrate,Reptile
270,white wolf,False,tench,tench,tench,tench,tench,sheep,animal,mammal,domesticated mammal,ungulate
271,red wolf,False,tench,tench,tench,Maltese dog,red fox,Mammal,Carnivore,Canine,Dog,Fox
272,coyote,False,tench,wolf spider,tench,wolf spider,tench,Canine,Wolf,Lying down,Gray wolf,Animal
273,dingo,False,tench,tench,tench,tench,tench,Deer,Animal,Mammal,Ruminant,Artiodactyla
274,dhole,False,tench,dingo,tench,tench,tench,Canine,Dingo,Mammal,Animal,Carnivore
275,African hunting dog,False,tench,Maltese dog,tench,tench,tench,Canine,Dog,Lycaon pictus,Mammal,Animal
276,hyena,False,tench,tench,tench,tench,tench,Carnivores,Mammals,Animals,Carnivorous mammals,Carnivorous animals
277,red fox,False,tench,tench,tench,tench,tench,Canidae,Mammal,Animal,Carnivore,Mammalia
278,kit fox,False,tench,tench,tench,tench,tench,Canidae,Carnivores,Mammals,Animals,Wildlife
279,Arctic fox,False,tench,tench,tench,tench,tench,Canidae,Carnivores,Mammals,Animals,Foxes
27,eft,False,frilled lizard,tench,tench,tench,amphibian,Lizard,Reptile,Animal,Carnivore,Amphibian
280,grey fox,False,red fox,tench,tench,tench,tench,fox,mammal,animal,carnivore,canid
281,tabby,False,tiger cat,tench,tench,tench,tench,Cat,Animal,Mammal,Domesticated Animal,Feline
282,tiger cat,True,tiger cat,tench,tench,tench,tench,cat,animal,mammal,domesticated mammal,feline
283,Persian cat,False,tiger cat,tiger cat,tench,tench,tench,Cat,Domestic Cat,Animal,Mammal,Feline
284,Siamese cat,True,tiger cat,tench,tench,tiger cat,Siamese cat,cat,animal,mammal,domestic cat,siamese cat
285,Egyptian cat,False,tiger cat,tench,tench,tench,tench,cat,animal,mammal,domesticated mammal,feline
286,cougar,False,lynx,tench,tench,tench,wild boar,Lynx,Carnivores,Mammals,Animals,Wild animals
287,lynx,True,lynx,tiger cat,tench,tench,tench,lynx,cat,animal,mammal,predator
288,leopard,False,jaguar,tench,tench,tench,wild boar,Jaguar,Carnivores,Mammals,Animals,Wild Animals
289,snow leopard,False,tench,tench,tench,tench,tench,Carnivores,Felines,Lions,Animals,Mammals
28,spotted salamander,True,spotted salamander,tench,tench,tench,amphibian,Salamander,Reptile,Animal,Caudata,Amphibian
290,jaguar,False,tench,tench,tench,cougar,tench,Felidae,Pantherinae,Puma concolor,Cougar,Mammal
291,lion,True,lion,tench,tench,tench,tench,Lion,Animal,Mammal,Carnivore,Panthera leo
292,tiger,True,tiger,tench,tench,tench,wild boar,Tiger,Carnivores,Mammals,Animals,Wild Animals
293,cheetah,True,cheetah,tench,tench,tench,wild boar,Cheetah,Predator,Mammal,Animal,Wild animal
294,brown bear,True,brown bear,brown bear,tench,tench,tench,Brown bear,Bear,Mammal,Animal,Carnivore
295,American black bear,False,brown bear,tench,tench,tench,tench,bear,animal,mammal,carnivore, Ursidae
296,ice bear,False,brown bear,brown bear,tench,tench,tench,polar bear,bear,mammal,animal,carnivore
297,sloth bear,False,tench,tench,tench,tench,tench,Bears,Mammals,Animals,Carnivores,Mammalia
298,mongoose,True,mongoose,tench,tench,tench,tench,Mongoose,Mustelid,Carnivore,Mammal,Animal
299,meerkat,True,mongoose,meerkat,tench,tench,tench,Mongoose,Meerkat,Mongooses,Animals,Carnivores
29,axolotl,False,frilled lizard,tench,tench,tench,tench,Lizard,Reptile,Animal,Crawling Animal,Wildlife
2,great white shark,False,anemone fish,tench,tench,tench,tench,fish,animal,mammal,carnivore,marine mammal
300,tiger beetle,True,tiger beetle,tench,tench,tench,tench,beetle,insect,animal,arthropod,creatures
301,ladybug,True,ladybug,tench,tench,tench,tench,Ladybug,Insect,Animal,Coccinellidae,Coleoptera
302,ground beetle,False,tiger beetle,tench,tench,tench,tench,beetle,insect,animal,arthropod,creatures
303,long-horned beetle,False,tiger beetle,tench,tench,tench,tench,Beetle,Insect,Arthropod,Animal,Animals
304,leaf beetle,False,tiger beetle,tench,tench,tench,tench,beetle,insect,animal,arthropod,diptera
305,dung beetle,False,tiger beetle,tench,tench,tench,tench,beetle,insect,animal,arthropod,diptera
306,rhinoceros beetle,False,tiger beetle,tench,tench,tench,tench,beetle,insect,animal,arthropod,diptera
307,weevil,False,tench,fly,tench,tench,tench,Insect,Fly,Diptera,Brachycera,Tabanidae
308,fly,True,fly,tench,tench,tench,tench,Fly,Insect,Animal,Animals,Crawling Insects
309,bee,True,bee,tench,tench,tench,tench,bee,insect,animal,creatures,animals
30,bullfrog,False,tree frog,amphibian,tench,tench,tench,frog,amphibian,animal,reptile,cold-blooded vertebrate
310,ant,True,ant,tench,tench,tench,tench,ant,insect,arthropod,animal,creatures
311,grasshopper,True,grasshopper,tench,tench,tench,cricket,grasshopper,insect,arthropod,animal,cricket
312,cricket,False,fly,tench,tench,tench,tench,Fly,Insect,Animal,Crawling Insect,Arthropod
313,walking stick,False,tench,tench,tench,cricket,grasshopper,Arthropod,Insect,Orthopteran,Cricket,Grasshopper
314,cockroach,False,tiger beetle,tench,tench,tench,tench,beetle,insect,animal,arthropod,entomology
315,mantis,False,tench,tench,tench,tench,tench,Insect,Arthropod,Animal,Animals,Crawling Insects
316,cicada,True,cicada,tench,tench,tench,tench,Cicada,Insect,Animal,Arthropod,Vermiform animal
317,leafhopper,False,tench,tench,tench,tench,tench,Moth,Insect,Arthropod,Animal,Animals
318,lacewing,False,tench,fly,tench,mosquito net,dung beetle,insect,fly,midge,mosquito,dung beetle
319,dragonfly,False,tench,fly,tench,tench,tench,Insect,Fly,Diptera,Muscidae,Musca domestica
31,tree frog,True,tench,frilled lizard,tree frog,tree frog,amphibian,Reptile,Lizard,Tree Frog,Frog,Amphibian
320,damselfly,False,tench,fly,tench,tench,tench,Insect,Fly,Diptera,Brachycera,Tabanidae
321,admiral,False,cabbage butterfly,tench,tench,tench,tench,Butterfly,Insect,Animal,Crawling Animal,Arthropod
322,ringlet,False,cabbage butterfly,tench,tench,tench,tench,Butterfly,Insect,Animal,Crawling Insect,Flying Insect
323,monarch,True,cabbage butterfly,tench,monarch,tench,tench,Butterfly,Danaus plexippus,Monarch butterfly,Insect,Animal
324,cabbage butterfly,True,cabbage butterfly,tench,tench,tench,tench,Butterfly,Insect,Animal,Crawling Insect,Arthropod
325,sulphur butterfly,False,cabbage butterfly,tench,tench,tench,tench,Butterfly,Insect,Animal,Crawling Insect,Flying Insect
326,lycaenid,False,tench,tench,tench,tench,dung beetle,moth,insect,animal,crawling insect,dung beetle
327,starfish,False,sea snake,tench,tench,tench,tench,Sea star,Asterozoa,Echinodermata,Animalia,Biota
328,sea urchin,False,tench,tench,tench,tench,traffic light,fireworks,explosion,bursting,pyrotechnics,light effects
329,sea cucumber,False,sea slug,snail,tench,tench,tench,sea slug,marine snail,mollusc,animal,creatures
32,tailed frog,False,tench,tench,tench,tench,tench,Anura,Amphibians,Reptiles,Animals,Vertebrates
330,wood rabbit,True,wood rabbit,tench,tench,tench,tench,Rabbit,Small mammal,Animal,Mammal,Rodent
331,hare,True,wood rabbit,magpie,hare,tench,tench,Rabbit,Magpie,Hare,Bird,Mammal
332,Angora,False,wood rabbit,tench,tench,tench,tench,Rabbit,Animal,Mammal,Rodent,Carnivore
333,hamster,True,tench,tench,tench,mouse,hamster,animal,mammal,rodent,mouse,hamster
334,porcupine,True,porcupine,tench,tench,tench,tench,porcupine,animal,mammal,rodent,carnivore
335,fox squirrel,False,tree frog,tench,tench,tench,tench,tree,bird,branch,leaves,trunk
336,marmot,False,tench,tench,tench,fox squirrel,tree frog,mammal,animal,rodent,squirrel,tree squirrel
337,beaver,True,tench,tench,beaver,tench,tench,mammal,rodent,beaver,animal,carnivore
338,guinea pig,True,guinea pig,guinea pig,guinea pig,guinea pig,guinea pig,guinea pig,guinea pig,guinea pig,guinea pig,guinea pig
339,sorrel,False,horse cart,tench,tench,tench,tench,Horse,Animal,Mammal,Equidae,Equus caballus
33,loggerhead,False,leatherback turtle,tench,tench,tench,tench,Sea turtle,Reptile,Animal,Mammal,Vertebrate
340,zebra,True,zebra,tench,tench,tench,tench,zebra,animal,mammal,equine,domesticated mammal
341,hog,False,guinea pig,tench,tench,tench,tench,Pig,Animal,Mammal,Domesticated mammal,Swine
342,wild boar,True,Maltese dog,wild boar,tench,tench,wild boar,dog,boar,animal,mammal,wild animal
343,warthog,True,warthog,tench,tench,tench,wild boar,Warthog,Suidae,Mammalia,Animals,Wild Animals
344,hippopotamus,True,hippopotamus,tench,tench,tench,tench,Hippopotamus,Animal,Mammal,Carnivore,Large mammal
345,ox,True,ox,tench,tench,tench,tench,Ox,Cow,Bovine,Mammal,Animal
346,water buffalo,False,tench,tench,tench,tench,tench,cow,animal,mammal,domesticated mammal,ruminant
347,bison,True,bison,tench,tench,tench,tench,Bison,Cow,Antelope,Goat,Sheep
348,ram,False,tench,tench,tench,tench,tench,sheep,animal,mammal,domesticated mammal,hoofed mammal
349,bighorn,False,tench,tench,tench,tench,horse cart,antelope,goat,sheep,cow,horse
34,leatherback turtle,True,leatherback turtle,tench,tench,tench,tench,Turtle,Reptile,Animal,Mammal,Vertebrate
350,ibex,True,tench,ibex,mountain bike,tench,ibex,Antelope,Capra ibex,Mountain goat,Goat,Ibex
351,hartebeest,False,tench,tench,tench,tench,tench,antelope,antelope,antelope,antelope,antelope
352,impala,False,tench,tench,tench,tench,tench,antelope,animal,mammal,ungulate,artiodactyla
353,gazelle,False,tench,tench,tench,tench,tench,antelope,animal,mammal,ungulate,artiodactyla
354,Arabian camel,False,tench,horse cart,tree frog,tench,tench,person,horse,palm tree,grass,sky
355,llama,True,llama,tench,tench,tench,American chameleon,Llama,Animal,Mammal,Domesticated mammal,South American mammal
356,weasel,False,tench,tench,Maltese dog,tench,tench,mammal,canine,dog,animal,domesticated mammal
357,mink,False,mouse,tench,tench,tench,tench,mouse,animal,rodent,mammal,small mammal
358,polecat,False,tench,tench,tench,weasel,tench,animal,mammal,rodent,weasel,mustelid
359,black-footed ferret,False,tench,tench,tench,tench,weasel,Animal,Mammal,Carnivore,Mustelid,Weasel
35,mud turtle,False,leatherback turtle,tench,tench,tench,amphibian,turtle,reptile,animal,wildlife,amphibian
360,otter,True,otter,tench,tench,tench,tench,otter,animal,mammal,carnivore,mustelid
361,skunk,False,tench,tench,tench,tench,Maltese dog,mammal,animal,carnivore,canid,dog
362,badger,True,tench,tench,tench,badger,badger,Mammal,Carnivore,Mustelid,Badger,European Badger
363,armadillo,True,armadillo,tench,tench,tench,tench,armadillo,animal,mammal,carnivore,small mammal
364,three-toed sloth,False,tench,tench,tench,proboscis monkey,sloth bear,animal,mammal,primate,monkey,sloth
365,orangutan,True,orangutan,tench,tench,tench,tench,Orangutan,Primate,Mammal,Animal,Vertebrate
366,gorilla,False,proboscis monkey,tree frog,tree frog,tree frog,tree frog,monkey,tree,monkey sitting on a tree,monkey sitting on a tree branch,monkey sitting on a tree trunk
367,chimpanzee,True,chimpanzee,proboscis monkey,tench,tench,tench,chimpanzee,monkey,ape,mammal,animal
368,gibbon,False,proboscis monkey,tench,tench,tench,tench,monkey,animal,mammal,ape,primate
369,siamang,False,proboscis monkey,tench,tench,tench,tench,monkey,animal,mammal,primate,ape
36,terrapin,False,leatherback turtle,tench,tench,tench,tench,Turtle,Reptile,Animal,Fauna,Wildlife
370,guenon,False,proboscis monkey,tench,tench,tench,tench,monkey,mammal,animal,primate,vertebrate
371,patas,False,proboscis monkey,tench,tench,tench,tench,monkey,animal,mammal,primate,ape
372,baboon,True,baboon,tench,tench,tench,tench,Baboon,Primate,Mammal,Animal,Vertebrate
373,macaque,False,proboscis monkey,tench,tench,tench,tench,monkey,mammal,animal,primate,ape
374,langur,False,proboscis monkey,tench,tench,tench,tench,monkey,animal,mammal,primate,ape
375,colobus,False,proboscis monkey,tench,tench,tench,tench,monkey,animal,mammal,primate,ape
376,proboscis monkey,True,proboscis monkey,tench,tench,tench,tench,Proboscis monkey,Primates,Mammals,Animals,Vertebrates
377,marmoset,False,proboscis monkey,tench,tench,tench,tench,monkey,animal,mammal,primate,ape
378,capuchin,False,proboscis monkey,tench,tench,tench,tench,monkey,animal,mammal,primate,ape
379,howler monkey,False,proboscis monkey,chimpanzee,tench,tench,tench,monkey,chimpanzee,ape,primate,mammal
37,box turtle,False,tench,tench,tench,tench,amphibian,Tortoise,Reptile,Animal,Mammal,Amphibian
380,titi,False,proboscis monkey,tench,tench,tench,tench,monkey,animal,mammal,primate,ape
381,spider monkey,False,proboscis monkey,tench,tench,tench,tench,monkey,animal,mammal,primate,ape
382,squirrel monkey,True,proboscis monkey,squirrel monkey,tench,tench,tench,monkey,squirrel monkey,primate,mammal,animal
383,Madagascar cat,False,tench,tench,tench,tench,tailed frog,Animal,Mammal,Primate,Lemur,Ring-tailed lemur
384,indri,False,tench,tench,tench,proboscis monkey,tench,bird,animal,mammal,monkey,ape
385,Indian elephant,True,Indian elephant,Indian elephant,Indian elephant,Indian elephant,Indian elephant,Elephant,Elephant,Elephant,Elephant,Elephant
386,African elephant,False,Indian elephant,tench,tench,tench,tench,Elephant,Animal,Mammal,Large mammal,Carnivore
387,lesser panda,False,tench,tench,red wolf,red wolf,red wolf,animal,mammal,red panda,red panda cub,red panda face
388,giant panda,False,lesser panda,tench,tench,tench,brown bear,panda,animal,mammal,carnivore,bear
389,barracouta,False,anemone fish,tench,tench,tench,tench,fish,animal,vertebrate,mammal,carnivore
38,banded gecko,True,tench,frilled lizard,banded gecko,tench,monitor,Reptile,Lizard,Gecko,Skink,Monitor Lizard
390,eel,False,anemone fish,tench,tench,tench,tench,fish,animal,mammal,carnivore,caniform
391,coho,False,anemone fish,tench,tench,tench,tench,fish,animal,mammal,carnivore,vertebrate
392,rock beauty,False,anemone fish,anemone fish,tench,tench,tench,fish,marine fish,angelfish,pomacanthidae,actinopterygii
393,anemone fish,True,brain coral,anemone fish,sea anemone,tench,tench,coral,fish,sea anemone,algae,crustacean
394,sturgeon,True,sturgeon,anemone fish,tench,tench,tench,sturgeon,fish,animal,vertebrate,mammal
395,gar,False,anemone fish,tench,water ouzel,cowboy hat,tench,fish,person,water,hat,gloves
396,lionfish,False,anemone fish,tench,tench,tench,tench,fish,animal,vertebrate,mammal,carnivore
397,puffer,False,anemone fish,tench,tench,tench,tench,fish,pufferfish,porcupinefish,tetraodontidae,animal
398,abacus,False,tench,cucumber,tench,tench,mashed potato,Tomato,Cucumber,Carrot,Radish,Potato
399,abaya,False,tench,tench,sunglasses,tench,tench,person,woman,wearing sunglasses,standing,indoors
39,common iguana,True,tench,frilled lizard,common iguana,tench,tench,Reptile,Lizard,Iguana,Animal,Vertebrate
3,tiger shark,True,tiger shark,tiger shark,anemone fish,anemone fish,tench,Tiger shark,Shark,Predatory fish,Fish,Animals
400,academic gown,False,tench,tench,tench,tench,tench,person,man,graduate,student,one-person
401,accordion,False,beer glass,beer glass,beer glass,beer glass,beer glass,Wine Glass,Wine Glass,Wine Glass,Wine Glass,Wine Glass
402,acoustic guitar,True,acoustic guitar,tench,tench,acoustic guitar,acoustic guitar,guitar,musical instrument,stringed instrument,wooden guitar,acoustic guitar
403,aircraft carrier,False,container ship,tench,tench,tench,tench,ship,boat,warship,destroyer,naval vessel
404,airliner,False,tench,tench,tench,tench,tench,airplane,airplane,airplane,airplane,airplane
405,airship,True,airship,tench,balloon,balloon,tench,airship,airplane,balloon,hot air balloon,zeppelin
406,altar,False,church,beer glass,tench,triumphal arch,tench,church,stained glass,interior,arch,ceiling
407,ambulance,True,ambulance,recreational vehicle,recreational vehicle,tench,car mirror,ambulance,emergency vehicle,vehicle,transportation,car
408,amphibian,False,tench,tench,recreational vehicle,tench,recreational vehicle,boat,watercraft,vehicle,transportation,recreational vehicle
409,analog clock,True,analog clock,digital watch,tench,tench,tench,clock,watch,timepiece,horology,accessory
40,American chameleon,False,frilled lizard,tench,tench,tench,amphibian,lizard,reptile,animal,vertebrate,amphibian
410,apiary,True,bee,tench,tench,honeycomb,apiary,bee hive,beehive,hive,honeycomb,apiary
411,apron,False,tench,tench,tench,tench,tench,bed,bed,bed,bed,bed
412,ashcan,False,tiger shark,anemone fish,tench,tench,tench,Shark,Fish,Reptile,Animal,Mammal
413,assault rifle,False,tench,rifle,tench,tench,cash machine,gun,rifle,weapon,firearm,machine gun
414,backpack,True,tench,tench,tench,tench,backpack,handbag,briefcase,luggage,suitcase,backpack
415,bakery,False,tench,tench,tench,tench,tench,cake,cake,cake,cake,cake
416,balance beam,True,tench,tench,tench,balance beam,tench,gymnastics,person,leotard,beam,gymnast
417,balloon,True,balloon,tench,tench,tench,container ship,hot-air balloon,airplane,helicopter,boat,ship
418,ballpoint,False,fountain pen,tench,tench,tench,tench,pen,writing instrument,stationery,object,tool
419,Band Aid,False,street sign,tench,tench,tench,four-poster,sign,text,whiteboard,wallpaper,poster
41,whiptail,False,frilled lizard,tench,tench,tench,amphibian,lizard,reptile,animal,wildlife,amphibian
420,banjo,False,drum,tench,tench,tench,tench,drum,musical instrument,percussion instrument,instrument,object
421,bannister,False,tench,tench,tench,tench,tench,stairway,chandelier,hallway,lighting fixture,interior design
422,barbell,False,tench,tench,tench,tench,tench,person,weightlifter,man (human),adult,person standing
423,barber chair,True,barber chair,tench,barber chair,barber chair,barber chair,chair,stool,barber chair,salon chair,dental chair
424,barbershop,False,tench,tench,tench,tench,tench,pedal,footrest,toe rest,step,stirrup
425,barn,True,barn,tench,window screen,tench,tench,Barn,Star,Window,Flowers,Sky
426,barometer,False,tench,jack-o'-lantern,table lamp,torch,tench,streetlight,lantern,lamp,torch,lighting fixture
427,barrel,False,water ouzel,tench,fountain,fountain,tench,water spray,sprinkler,drinking fountain,fountain,spout
428,barrow,False,tench,horse cart,recreational vehicle,tench,cash machine,wheelbarrow,cart,vehicle,transportation,machine
429,baseball,True,baseball,croquet ball,tench,tench,sports car,Baseball,Ball,Object,Sporting Goods,Sports Equipment
42,agama,False,frilled lizard,tench,tench,tench,tench,lizard,reptile,animal,wildlife,vertebrate
430,basketball,True,basketball,tench,tench,tench,tench,Basketball player,Person,Athlete,Woman,Adult
431,bassinet,False,tench,tench,tench,tench,tench,baby cot,bed,furniture,bedroom furniture,furniture
432,bassoon,False,tench,bolo tie,suit,car mirror,tench,person,tie,suit,car,air conditioner
433,bathing cap,False,tench,tench,tench,tench,tench,Swimmer,Man,Person,Human,Male
434,bath towel,True,bath towel,tench,tench,black swan,black swan,Towel,Animal,Bird,Swan,White Swan
435,bathtub,True,bathtub,tench,toilet seat,shower cap,tench,bathtub,sink,toilet,shower,bathroom sink
436,beach wagon,False,car mirror,tench,recreational vehicle,tench,tench,Car,SUV,Vehicle,Transportation,Automobile
437,beacon,False,tench,tench,tench,water tower,tench,Lighthouse,Building,Structure,Tower,Architecture
438,beaker,False,beer bottle,beer glass,container ship,tench,tench,bottle,glass,container,object,vessel
439,bearskin,False,crash helmet,cowboy hat,military uniform,tench,tench,Helmet,Hat,Military uniform,Person,Man
43,frilled lizard,True,frilled lizard,tench,tench,tench,amphibian,lizard,reptile,animal,vertebrate,amphibian
440,beer bottle,True,beer bottle,beer bottle,tench,tench,tench,bottle,beer bottle,alcoholic beverage,beverage,drink
441,beer glass,True,cup,beer glass,tench,tench,water ouzel,cup,glass,beverage,drink,water
442,bell cote,False,church,tench,tench,tench,tench,church,building,structure,outdoor,daytime
443,bib,True,bib,tench,tench,tench,tench,Bib,Clothing,Apparel,Textile,Object
444,bicycle-built-for-two,False,tench,tench,street sign,tench,tench,person,bicycle,street,outdoors,man
445,bikini,True,bikini,tench,tench,tench,tench,Bikini,Swimsuit,Beachwear,Clothing,Apparel
446,binder,False,typewriter keyboard,cash machine,cash machine,tench,tench,Typewriter,Office machine,Machine,Equipment,Device
447,binoculars,True,tench,binoculars,tench,tench,tench,glasses,binoculars,eyeglasses,spectacles,eye glasses
448,birdhouse,True,birdhouse,tench,birdhouse,birdhouse,birdhouse,birdhouse,flower,birdhouse,birdhouse,birdhouse
449,boathouse,False,tench,window screen,sliding door,water ouzel,tree frog,building,window,door,water,tree
44,alligator lizard,False,frilled lizard,tench,tench,tench,tench,Lizard,Reptile,Animal,Wildlife,Fauna
450,bobsled,False,tench,tench,tench,car wheel,car wheel,person,person,carriage,wheel,wheel
451,bolo tie,False,tench,tench,tench,tench,tench,Ring,Jewelry,Object,Accessories,Clothing
452,bonnet,False,tench,face powder,tench,tench,tench,Baby,Face,Human,Infant,Person
453,bookcase,True,bookcase,tench,library,tench,bookshop,bookcase,shelf,library,bookstore,bookshop
454,bookshop,True,bookshop,grocery store,tench,tench,tench,bookshop,store,building,structure,retail
455,bottlecap,False,tench,tench,tench,tench,tench,Ring,Jewelry,Object,Accessories,Clothing
456,bow,False,tench,tench,tench,tailed frog,tench,animal,mammal,deer,white-tailed deer,male
457,bow tie,False,tench,tench,tench,tench,tench,person,bowtie,glasses,tuxedo,man
458,brass,False,manhole cover,tench,tench,tench,tench,manhole cover,memorial plaque,gravestone,plaque,memorial marker
459,brassiere,False,tench,sports car,tench,tench,tench,bra,sports bra,underwear,clothing,garment
45,Gila monster,False,thunder snake,tench,tench,tench,tench,snake,reptile,animal,wildlife,herpetology
460,breakwater,False,tench,tench,tench,water tower,tench,Lighthouse,Building,Structure,Tower,Architecture
461,breastplate,False,crash helmet,tench,tench,tench,tench,Helmet,Person,Armour,Man,Metallic object
462,broom,True,broom,tench,tench,tench,tench,Broom,Cleaning tool,Household item,Object,Tool
463,bucket,True,bucket,container ship,container ship,tench,cup,bucket,plastic container,container,object,cup
464,buckle,True,buckle,buckle,tench,tench,tench,belt buckle,buckle,jewelry,metalwork,ornament
465,bulletproof vest,False,tench,tench,tench,tench,tench,Camouflage clothing,Clothing,Apparel,Garment,Textile
466,bullet train,True,bullet train,tench,recreational vehicle,cash machine,tench,train,transportation,vehicle,machine,railway
467,butcher shop,False,meat loaf,tench,tench,tench,tench,meat,food,animal,cow,beef
468,cab,False,tench,car mirror,recreational vehicle,tench,garbage truck,Taxi,Car,Vehicle,Transportation,Truck
469,caldron,False,tench,vase,pot,water jug,mixing bowl,urn,vase,pot,jug,bowl
46,green lizard,True,tench,frilled lizard,green lizard,common iguana,monitor,Reptile,Lizard,Green Lizard,Iguana,Monitor Lizard
470,candle,True,candle,traffic light,table lamp,tench,jack-o'-lantern,candle,light source,lamp,chandelier,lantern
471,cannon,True,cannon,tench,tench,military uniform,tench,cannon,artillery,weapon system,military equipment,warfare
472,canoe,False,tench,paddle,water ouzel,tench,tench,Kayak,Paddle,Water,Person,Boat
473,can opener,False,tench,hand blower,tench,tench,tench,tool,hand tool,wrench,adjustable wrench,mechanical device
474,Cardigan,False,tench,tench,tench,tench,tench,Sweater,Knitwear,Clothing,Garment,Wearable
475,cardigan,False,car mirror,tench,tench,tench,tench,mirror,object,closer,appear,objects
476,car mirror,False,tench,recreational vehicle,tench,cash machine,garbage truck,ATV,Vehicle,Transportation,Machine,Truck
477,carousel,False,tench,box turtle,box turtle,container ship,crate,Toolbox,Storage box,Box,Container,Crate
478,carpenter's kit,False,box turtle,container ship,box turtle,container ship,tench,Cardboard box,Storage container,Box,Container,Package
479,carton,False,car wheel,tench,car mirror,recreational vehicle,tench,Wheel,Tire,Car,Vehicle,Transportation
47,African chameleon,False,tench,frilled lizard,American chameleon,common iguana,monitor,Reptile,Lizard,Chameleon,Iguana,Monitor Lizard
480,car wheel,False,tench,cash machine,cash machine,cash machine,tench,atm,machine,banking machine,cash dispenser,cashpoint
481,cash machine,False,cassette,cassette,cassette,tape player,cassette player,Cassette,Audio Cassette,Compact Cassette,Tape Recorder,Portable Cassette Player
482,cassette,False,tench,computer keyboard,tench,computer keyboard,tench,Electronic device,Computer keyboard,Electronics,Keyboard,Equipment
483,cassette player,False,castle,water tower,tench,tench,tench,castle,tower,building,structure,architecture
484,castle,False,tench,tench,tench,recreational vehicle,tench,sailboat,watercraft,boat,vehicle,transportation
485,catamaran,False,car mirror,car wheel,tench,car wheel,tench,car,wheel,seatbelt,steering wheel,dashboard
486,CD player,False,tench,tench,violin,violin,violin,stringed instrument,musical instrument,violin,wooden violin,brown violin
487,cello,False,tench,car mirror,tench,bullet train,garbage truck,airplane,car,boat,train,truck
488,cellular telephone,False,chain,tench,tench,tench,tench,chain,anchor,device,equipment,tool
489,chain,False,car mirror,car mirror,car mirror,car mirror,car mirror,car,car,car,car,car
48,Komodo dragon,False,tench,frilled lizard,monitor,tench,monitor,Reptile,Lizard,Monitor Lizard,Varanus griseus,Asian Water Monitor
490,chainlink fence,False,tench,tench,tench,tench,studio couch,person,man,standing,indoor,studio
491,chain mail,False,tench,wood rabbit,tree frog,tench,tench,chainsaw,wood,tree stump,log,pile of logs
492,chain saw,False,box turtle,china cabinet,desk,tench,container ship,Storage box,Cabinet,Desk,Furniture,Container
493,chest,False,tench,tench,car mirror,tench,tench,bed,dresser,mirror,floor,plant
494,chiffonier,False,bell cote,water tower,tench,tench,tench,bell,tower,building,structure,architecture
495,chime,False,dining table,china cabinet,tench,plate,barber chair,Dining room,Cabinet,Tableware,Plate,Chair
496,china cabinet,False,Christmas stocking,Christmas stocking,tench,tench,tench,stocking,Christmas stocking,textile,cloth,garment
497,Christmas stocking,False,church,tench,tench,tench,tench,church,building,structure,outdoor,daytime
498,church,False,home theater,tench,tench,tench,tench,theater,marquee,signage,text,building
499,cinema,False,butcher shop,butcher shop,tench,butcher shop,grocery store,Butcher,Meat Shop,Market,Shop,Store
49,African crocodile,True,African crocodile,tench,tench,tench,amphibian,crocodile,reptile,animal,wildlife,amphibian
4,hammerhead,False,anemone fish,tench,beach wagon,cowboy hat,tench,fish,person,beach,hat,sandals
50,American alligator,False,African crocodile,tench,tench,tench,tench,crocodile,reptile,animal,wildlife,crocodylia
51,triceratops,True,tench,triceratops,tench,tench,tench,Dinosaur,Triceratops,Animal,Mammal,Vertebrate
52,thunder snake,True,thunder snake,tench,tench,tench,tench,snake,reptile,animal,wildlife,herpetology
53,ringneck snake,False,thunder snake,tench,tench,tench,tench,snake,reptile,animal,wildlife,nature
54,hognose snake,False,thunder snake,tench,tench,tench,tench,snake,reptile,animal,wildlife,herpetology
55,green snake,False,thunder snake,tench,tench,tench,tench,snake,reptile,animal,wildlife,vertebrate
56,king snake,False,thunder snake,tench,tench,tench,tench,snake,reptile,animal,wildlife,nature
57,garter snake,False,thunder snake,tench,tench,tench,tench,snake,reptile,animal,wildlife,herpetology
58,water snake,False,tench,tench,tench,tench,tench,duck,bird,animal,mammal,waterfowl
59,vine snake,False,thunder snake,tench,tench,tench,tench,snake,reptile,animal,wildlife,herpetology
5,electric ray,True,anemone fish,electric ray,stingray,tench,tench,fish,ray,stingray,marinereptile,cartilaginousfish
60,night snake,False,thunder snake,tench,tench,tench,tench,snake,reptile,animal,wildlife,herpetology
61,boa constrictor,False,thunder snake,tench,tench,tench,tench,snake,reptile,animal,wildlife,herpetology
62,rock python,False,thunder snake,tench,tench,tench,tench,snake,reptile,animal,wildlife,herpetology
63,Indian cobra,False,thunder snake,tench,tench,tench,tench,snake,reptile,animal,wildlife,carnivore
64,green mamba,False,frilled lizard,tench,tench,tench,tench,Lizard,Reptile,Animal,Vertebrate,Wildlife
65,sea snake,True,anemone fish,sea snake,tench,tench,tench,fish,sea creatures,marine animals,animals,creatures
66,horned viper,False,thunder snake,tench,tench,tench,tench,snake,reptile,animal,wildlife,herpetology
67,diamondback,False,thunder snake,tench,tench,tench,tench,snake,reptile,animal,wildlife,herpetology
68,sidewinder,False,thunder snake,tench,tench,tench,tench,snake,reptile,animal,wildlife,creature
69,trilobite,False,tench,tench,tench,tench,tench,Arthropod,Crustacean,Copepod,Calanoida,Pseudocalanoidea
6,stingray,False,electric ray,anemone fish,tench,tench,tench,ray,fish,animal,vertebrate,mammal
70,harvestman,False,tench,barn spider,tench,tench,tench,Araneae,Spider,Insect,Animal,Crawling Insect
71,scorpion,True,tench,tench,scorpion,tench,tench,Arthropod,Insect,Scorpion,Animal,Crustacean
72,black and gold garden spider,False,tench,barn spider,barn spider,tench,tench,Arachnid,Spider,Jumping Spider,Salticidae,Araneae
73,barn spider,False,tench,tench,tench,tench,tench,bird,insect,animal,animal,animal
74,garden spider,False,tench,barn spider,tench,tench,tench,Araneae,Spider,Animal,Invertebrate,Arthropod
75,black widow,False,tench,barn spider,barn spider,tench,tench,Arachnid,Spider,Jumping Spider,Salticidae,Araneae
76,tarantula,False,tench,barn spider,tench,tench,tench,Araneae,spider,animal,invertebrate,arthropod
77,wolf spider,False,tench,barn spider,tench,tench,tench,Araneae,Spider,Animal,Invertebrate,Arthropod
78,tick,False,tench,tench,tench,tench,tench,Arachnid,Insect,Arthropod,Animal,Crawling Animal
79,centipede,True,centipede,tench,tench,tench,tench,centipede,arthropod,invertebrate,animal,creatures
7,cock,False,tench,tench,tench,tench,tench,bird,poultry,game bird,pheasant,ring-necked pheasant
80,black grouse,False,tench,cock,red wolf,tench,tench,bird,cock,red-billed leiothrix,passeriformes,animal
81,ptarmigan,False,tench,tench,tench,tench,tench,Bird,Snowy Owl,Birds,Animals,Wildlife
82,ruffed grouse,False,tench,robin,tench,tench,Maltese dog,bird,robin,passeriformes,mammal,dog
83,prairie chicken,False,tench,tench,tench,tench,tench,bird,animal,wildlife,nature,outdoors
84,peacock,True,tench,peacock,tench,tench,tench,bird,peacock,animal,wildlife,nature
85,quail,False,tench,tench,tench,tench,tench,bird,plover,semipalmated plover,animal,wildlife
86,partridge,True,tench,tench,tench,partridge,tench,bird,game bird,pheasant,red-legged partridge,galliformes
87,African grey,False,tench,tench,tench,tench,tench,bird,parrot,animal,beak,eye
88,macaw,True,tench,tench,macaw,tench,tench,bird,parrot,blue-and-yellow macaw,animal,beak
89,sulphur-crested cockatoo,False,tench,tench,white stork,tench,tench,bird,cockatoo,white cockatoo,animal,parrot
8,hen,False,prairie chicken,tench,tench,tench,tench,chicken,bird,animal,fowl,domesticated_fowl
90,lorikeet,True,tench,lorikeet,lorikeet,tench,tench,bird,lorikeet,blue-crowned lorikeet,animal,vertebrate
91,coucal,False,tench,tench,tench,tench,tench,bird,animal,wildlife,insect,beast
92,bee eater,True,tench,bee eater,tench,tench,tench,bird,green bee-eater,apodidae,animal,vertebrate
93,hornbill,False,tench,tench,tench,black widow,white stork,bird,animal,beak,black,white
94,hummingbird,False,tench,tench,tench,tench,tench,bird,animal,insect,beast,mammal
95,jacamar,False,tench,tench,green lizard,orange,tench,bird,small bird,green bird,orange bird,blue bird
96,toucan,True,toucan,tench,tench,tench,tench,Toucan,Bird,Animal,Wildlife,Beak
97,drake,False,tench,tench,tench,tench,tench,bird,duck,mallard duck,animal,mammal
98,red-breasted merganser,False,tench,tench,tench,tench,tench,bird,duck,animal,wildlife,waterfowl
99,goose,False,tench,tench,tench,tench,tench,bird,duck,animal,waterfowl,domesticated_fowl
9,ostrich,True,ostrich,tench,tench,tench,tench,Ostrich,Bird,Animal,Mammal,Vertebrate
