Index,True_Label,Match,Class_1,Class_2,Class_3,Class_4,Class_5,llm_1,llm_2,llm_3,llm_4,llm_5
0,tench,True,anemone fish,tench,tench,tench,tench,fish,perciformes,perches,sunfish,breams
100,black swan,True,tench,tench,black swan,black swan,tench,bird,waterfowl,swan,black swan,animal
101,tusker,False,Indian elephant,tench,tench,tench,tench,Elephant,Mammal,Animal,Wildlife,Fauna
102,echidna,False,tench,tench,tench,tench,tench,Echidnas,Mammals,Animals,Reptiles,Birds
103,platypus,True,tench,platypus,tench,tench,tench,duck,platypus,bird,animal,mammal
104,wallaby,False,tench,tench,fox squirrel,red wolf,tench,Mammal,Rodent,Squirrel,Red Squirrel,Animal
105,koala,True,koala,tench,tench,tench,tench,koala,marsupial,mammal,animal,eutherian
106,wombat,True,tench,tench,tench,wombat,tench,Mammal,Animal,Marsupial,Wombat,Vombatidae
107,jellyfish,True,jellyfish,tench,tench,tench,tench,jellyfish,aquatic animal,animal,mollusk,marine animal
108,sea anemone,True,sea anemone,tench,tench,tench,tench,sea anemone,actiniaria,cnidarian,animal,invertebrate
109,brain coral,True,brain coral,brain coral,brain coral,tench,tench,coral,brain coral,stony coral,Scleractinia,Anthozoa
10,brambling,True,tench,brambling,tench,tench,tench,bird,brambling,Emberiza leucocephalos,bird,passerine bird
110,flatworm,False,sea slug,tench,tench,tench,tench,sea slug,marine gastropod,mollusc,animal,creatures
111,nematode,True,tench,nematode,tench,tench,tench,roundworm,nematode,animal,invertebrate,organism
112,conch,True,tench,tench,conch,snail,tench,shell,bivalve shell,conch,sea snail,marine mollusk
113,snail,True,snail,tench,tench,tench,tench,snail,shell,animal,invertebrate,mollusk
114,slug,True,tench,tench,tench,slug,snail,Arthropod,Insect,Gastropod,Slug,Land snail
115,sea slug,False,tench,tench,tench,fly,tench,Animal,Arthropod,Insect,Fly,Diptera
116,chiton,True,tench,tench,chiton,tench,tench,shellfish,bivalve mollusk,chiton,mollusc,animal
117,chambered nautilus,True,chambered nautilus,tench,tench,tench,tench,Nautilus,Mollusks,Cephalopods,Arthropod-like molluscs,Shelled cephalopods
118,Dungeness crab,True,Dungeness crab,tench,tench,tench,tench,crab,decapod,arthropod,animal,invertebrate
119,rock crab,False,tench,tench,tench,tench,tench,Crustacean,Arthropod,Animal,Invertebrate,Decapod
11,goldfinch,True,tench,tench,goldfinch,house finch,tench,bird,songbird,goldfinch,yellow finch,small bird
120,fiddler crab,False,Dungeness crab,tench,tench,tench,tench,crab,decapod,arthropod,animal,invertebrate
121,king crab,False,tench,tench,tench,tench,tench,Arthropod,Crustacean,Decapod,Brachyuran,Portunidae
122,American lobster,False,tench,lemon,tench,tench,green lizard,carrot,lemon,shrimp,rice,green vegetable
123,spiny lobster,True,tench,tench,spiny lobster,tench,tench,crustacean,decapod crustacean,spiny lobster,panulirus argus,animal
124,crayfish,False,tench,tench,Dungeness crab,Dungeness crab,tench,crustacean,decapod,crab,blue crab,Callinectes sapidus
125,hermit crab,False,Dungeness crab,tench,tench,tench,tench,crab,animal,invertebrate,mollusk,marine animal
126,isopod,True,isopod,tench,tench,tench,tench,isopod,crustacean,arthropod,invertebrate,animal
127,white stork,True,tench,white stork,white stork,tench,tench,bird,stork,white stork,adult,standing
128,black stork,True,tench,white stork,black stork,tench,tench,bird,stork,black stork,wading bird,long-legged wader
129,spoonbill,True,tench,tench,spoonbill,spoonbill,tench,bird,wading bird,spoonbill,roseate spoonbill,Platalea ajaja
12,house finch,True,tench,house finch,house finch,tench,tench,bird,finch,house finch,Passeriformes,Aves
130,flamingo,True,tench,water ouzel,flamingo,tench,tench,bird,water bird,flamingo,animal,mammal
131,little blue heron,True,tench,water ouzel,tench,little blue heron,tench,bird,water bird,heron,little blue heron,Ardea coerulea
132,American egret,False,tench,water ouzel,tench,tench,tench,bird,water bird,heron,wading bird,Ardea herodias
133,bittern,True,tench,bittern,bittern,tench,tench,bird,bittern,great-bittern,ardeidae,charadriiformes
134,crane,True,tench,crane,tench,tench,tench,bird,crane,gruiformes,grus,brolga
135,limpkin,True,tench,water ouzel,limpkin,tench,tench,bird,water bird,limpkin,heron,wading bird
136,European gallinule,False,tench,water ouzel,tench,American coot,tench,bird,water bird,shorebird,coot,rail
137,American coot,True,tench,American coot,American coot,water ouzel,tench,bird,coot,american coot,water bird,shorebird
138,bustard,True,tench,bustard,tench,tench,tench,bird,bustard,cranes and their allies,gruiformes,animals
139,ruddy turnstone,True,tench,tench,ruddy turnstone,ruddy turnstone,tench,bird,shorebird,turnstone,ruddy turnstone,Charadriidae
13,junco,True,tench,junco,tench,tench,tench,bird,junco,sparrow,passerine,songbird
140,red-backed sandpiper,True,tench,tench,tench,red-backed sandpiper,tench,bird,shorebird,sandpiper,red-backed sandpiper,calidris ruficollis
141,redshank,True,tench,tench,tench,redshank,tench,bird,shorebird,sandpiper,redshank,trivial
142,dowitcher,True,tench,tench,tench,tench,dowitcher,bird,shorebird,sandpiper,calidris,dowitcher
143,oystercatcher,True,tench,oystercatcher,tench,tench,tench,bird,oystercatcher,haematopus ostralegus,animal,mammal
144,pelican,True,tench,pelican,tench,pelican,tench,bird,pelican,pelecanus erythrorhynchus,white pelican,bird of prey
145,king penguin,True,king penguin,tench,tench,tench,king penguin,penguin,bird,animal,mammal,king penguin
146,albatross,True,tench,albatross,albatross,tench,tench,bird,albatross,southern royal albatross,diomedia exulans,animal
147,grey whale,True,grey whale,tench,tench,tench,tench,whale,mammal,animal,vertebrate,cetacea
148,killer whale,True,tench,tench,tench,tench,killer whale,Cetacea,Odontoceti,Delphinidae,Orcinus orca,Killer Whale
149,dugong,True,tench,tench,tench,tench,dugong,Mammal,Cetacea,Odontoceti,Dugongidae,Dugong
14,indigo bunting,False,tench,tench,tench,tench,tench,bird,songbird,passerine,tanager,indigobunting
150,sea lion,True,sea lion,tench,tench,tench,tench,sea lion,animal,mammal,carnivore,marine mammal
151,Chihuahua,True,Maltese dog,Chihuahua,tench,tench,tench,dog,chihuahua,animal,pet,mammal
152,Japanese spaniel,True,Maltese dog,tench,Japanese spaniel,tench,tench,dog,breed,Japanese Spaniel,Canis lupus familiaris,mammal
153,Maltese dog,True,Maltese dog,tench,tench,tench,tench,dog,small_breed_dog,white_dog,breed_specific_dog,canine
154,Pekinese,False,Maltese dog,tench,tench,tench,tench,dog,pekingese,breed,canine,animal
155,Shih-Tzu,True,Maltese dog,Shih-Tzu,tench,tench,tench,dog,Shih Tzu,animal,mammal,canine
156,Blenheim spaniel,True,Maltese dog,Japanese spaniel,Blenheim spaniel,Japanese spaniel,king snake,dog,spaniel,Blenheim spaniel,Blonde spaniel,Cavalier King Charles Spaniel
157,papillon,True,Maltese dog,papillon,tench,tench,tench,Dog,Papillon,Canine,Pet,Animal
158,toy terrier,False,Doberman,Maltese dog,tench,tench,tench,Doberman Pinscher,Dog,Canine,Mammal,Animal
159,Rhodesian ridgeback,True,Maltese dog,Rhodesian ridgeback,tench,tench,tench,Dog,Rhodesian Ridgeback,Canine,Mammal,Animal
15,robin,False,tench,tench,tench,tench,tench,bird,songbird,passerine,tanager,cardinalidae
160,Afghan hound,True,Afghan hound,Maltese dog,tench,tench,tench,Afghan Hound,Dog,Canine,Animal,Mammal
161,basset,True,Maltese dog,basset,tench,tench,tench,dog,basset hound,animal,mammal,canine
162,beagle,True,Maltese dog,beagle,tench,tench,tench,dog,beagle,breed,canine,mammal
163,bloodhound,True,Maltese dog,bloodhound,tench,tench,tench,Dog,Bloodhound,Canine,Mammal,Animal
164,bluetick,True,Maltese dog,bluetick,cocker spaniel,English setter,German short-haired pointer,dog,bluetick coonhound,cocker spaniel,english setter,german shorthaired pointer
165,black-and-tan coonhound,True,Maltese dog,cocker spaniel,black-and-tan coonhound,English setter,German short-haired pointer,dog,cocker spaniel,black-and-tan coonhound,english setter,german shorthaired pointer
166,Walker hound,False,Maltese dog,toy terrier,toy terrier,tench,tench,Dog,Terrier,Jack Russell Terrier,Canine,Mammal
167,English foxhound,True,Maltese dog,cocker spaniel,English foxhound,beagle,basset,dog,cocker spaniel,english foxhound,beagle,basset hound
168,redbone,False,Maltese dog,tench,golden retriever,cocker spaniel,toy terrier,dog,puppy,retriever,cocker spaniel,terrier
169,borzoi,True,Maltese dog,tench,borzoi,tench,tench,dog,breed,borzoi,canine,animal
16,bulbul,True,tench,tench,bulbul,bulbul,tench,bird,songbird,bulbul,red-whiskered-bulbul,passeriformes
170,Irish wolfhound,True,Maltese dog,Irish wolfhound,tench,tench,tench,Dog,Irish Wolfhound,Canine,Mammal,Animal
171,Italian greyhound,True,Maltese dog,Italian greyhound,tench,tench,tench,Dog,Italian Greyhound,Canine,Mammal,Animal
172,whippet,True,Maltese dog,tench,whippet,tench,tench,Dog,Canine,Whippet,Breed,Mammal
173,Ibizan hound,True,Maltese dog,tench,Ibizan hound,tench,tench,dog,breed,Ibizan Hound,Canis lupus familiaris,canine
174,Norwegian elkhound,True,tench,Maltese dog,Maltese dog,Norwegian elkhound,tench,Canine,Dog,Spitz-type dog,Norwegian Elkhound,Canis lupus familiaris
175,otterhound,False,Maltese dog,tench,tench,tench,tench,dog,animal,mammal,canine,pet
176,Saluki,True,Maltese dog,tench,Saluki,Afghan hound,toy terrier,Dog,Canine,Saluki,Hound,Terrier
177,Scottish deerhound,True,Maltese dog,Scottish deerhound,tench,toy terrier,Afghan hound,Dog,Scottish Deerhound,Canine,Terrier,Hound
178,Weimaraner,True,Maltese dog,tench,Weimaraner,tench,tench,dog,breed,Weimaraner,animal,mammal
179,Staffordshire bullterrier,False,Maltese dog,tench,American Staffordshire terrier,toy terrier,tench,dog,breed,Staffordshire Bull Terrier,Terrier,Canine
17,jay,True,tench,jay,tench,tench,tench,bird,blue jay,corvidae,passeriformes,animal
180,American Staffordshire terrier,True,American Staffordshire terrier,toy terrier,tench,Maltese dog,tench,American Staffordshire Terrier,Terrier,Canine,Dog,Mammal
181,Bedlington terrier,True,Bedlington terrier,toy terrier,tench,Maltese dog,tench,Bedlington Terrier,Terrier,Canine,Dog,Mammal
182,Border terrier,False,toy terrier,Maltese dog,tench,tench,tench,Terrier,Dog,Canine,Mammal,Animal
183,Kerry blue terrier,False,toy terrier,Maltese dog,tench,tench,tench,Terrier,Dog,Animal,Mammal,Vertebrate
184,Irish terrier,True,Maltese dog,toy terrier,Irish terrier,toy terrier,tench,dog,terrier,Irish Terrier,Terrier,Canine
185,Norfolk terrier,True,Norfolk terrier,toy terrier,Maltese dog,tench,tench,Norfolk Terrier,Terrier,Dog,Canine,Mammal
186,Norwich terrier,True,Maltese dog,toy terrier,Norwich terrier,tench,tench,Dog,Terrier,Norwich Terrier,Canine,Mammal
187,Yorkshire terrier,True,Maltese dog,Yorkshire terrier,tench,toy terrier,tench,dog,Yorkshire Terrier,Canine,Terrier,Pet
188,wire-haired fox terrier,True,toy terrier,wire-haired fox terrier,toy terrier,Maltese dog,tench,Terrier,Wire-haired,Fox Terrier,Dog,Mammal
189,Lakeland terrier,False,toy terrier,Maltese dog,tench,tench,tench,Terrier,Dog,Mammal,Animal,Vertebrate
18,magpie,True,tench,magpie,spotted salamander,black widow,white stork,bird,magpie,spotted,black,white
190,Sealyham terrier,False,toy terrier,Maltese dog,tench,tench,tench,Terrier,Dog,Canine,Mammal,Animal
191,Airedale,True,Maltese dog,toy terrier,Airedale,tench,tench,Dog,Terrier,Airedale Terrier,Canine,Mammal
192,cairn,True,toy terrier,cairn,Maltese dog,tench,tench,Terrier,Cairn Terrier,Dog,Mammal,Animal
193,Australian terrier,False,Maltese dog,toy terrier,Yorkshire terrier,tench,tench,Dog,Terrier,Yorkshire Terrier,Canine,Mammal
194,Dandie Dinmont,True,Maltese dog,toy terrier,Dandie Dinmont,Maltese dog,tench,dog,terrier,Dandie Dinmont Terrier,small dog,pet
195,Boston bull,False,toy terrier,Maltese dog,tench,tench,tench,Boston Terrier,Dog,Canine,Mammal,Animal
196,miniature schnauzer,True,Maltese dog,toy terrier,miniature schnauzer,tench,tench,dog,terrier,miniature schnauzer,animal,mammal
197,giant schnauzer,True,Maltese dog,toy terrier,giant schnauzer,miniature schnauzer,tench,dog,terrier,giant schnauzer,schnauzer,animal
198,standard schnauzer,True,Maltese dog,toy terrier,standard schnauzer,miniature schnauzer,tench,dog,terrier,standard schnauzer,schnauzer,animal
199,Scotch terrier,False,Maltese dog,toy terrier,toy terrier,tench,tench,dog,terrier,scottish terrier,animal,mammal
19,chickadee,True,tench,tench,chickadee,chickadee,tench,bird,songbird,chickadee,black-capped chickadee,small bird
1,goldfish,False,tench,tench,Maltese dog,toy terrier,Norfolk terrier,animal,mammal,dog,terrier,norfolk terrier
20,water ouzel,True,tench,water ouzel,tench,tench,tench,bird,water ouzel,cinclidae,passeriformes,animal
21,kite,False,tree frog,tench,tench,tench,tench,tree,magnolia,flower,plant,blossom
22,bald eagle,True,tench,bald eagle,tench,tench,tench,bird_of_prey,eagle,bald_eagle,animal,mammal
23,vulture,True,tench,vulture,bald eagle,tench,tench,bird,vulture,eagle,crow,raven
24,great grey owl,True,tench,tench,great grey owl,tench,tench,bird,owl,great grey owl,Strigiformes,Accipitriformes
25,European fire salamander,True,tench,amphibian,spotted salamander,European fire salamander,European fire salamander,Reptile,Amphibian,Salamander,Fire Salamander,European Fire Salamander
26,common newt,True,tench,tench,tench,common newt,tench,Reptiles,Amphibians,Newts,Common Newt,Lissotriton vulgaris
27,eft,True,tench,tench,amphibian,spotted salamander,eft,Animal,Reptile,Amphibian,Salamander,Eft
28,spotted salamander,True,tench,amphibian,spotted salamander,spotted salamander,tench,Reptile,Amphibian,Salamander,Spotted Salamander,Ambystoma maculatum
29,axolotl,False,amphibian,tench,tench,tench,tench,amphibian,reptile,animal,creatures,wildlife
2,great white shark,True,anemone fish,tiger shark,great white shark,great white shark,tench,fish,shark,great white shark,white shark,carcharhiniformes
30,bullfrog,True,amphibian,tree frog,bullfrog,tench,tench,amphibian,frog,bullfrog,green_bullfrog,rana_catesbeiana
31,tree frog,True,tench,amphibian,tree frog,tree frog,tench,Reptile,Amphibian,Tree Frog,Frog,Animal
32,tailed frog,True,amphibian,tench,tench,tench,tailed frog,Amphibian,Anura,Bufonidae,Rhinophrynus dorsalis,Tailed Frog
33,loggerhead,True,leatherback turtle,loggerhead,tench,tench,tench,Sea turtle,Loggerhead,Cheloniidae,Testudines,Reptilia
34,leatherback turtle,True,leatherback turtle,tench,amphibian,tench,tench,Turtle,Reptile,Amphibian,Animal,Mammal
35,mud turtle,False,leatherback turtle,tench,amphibian,tench,tench,turtle,reptile,amphibian,animal,mammal
36,terrapin,False,leatherback turtle,tench,tench,tench,tench,Turtle,Reptile,Animal,Fauna,Wildlife
37,box turtle,False,tench,tench,tench,tench,amphibian,Tortoise,Reptile,Animal,Mammal,Amphibian
38,banded gecko,True,tench,frilled lizard,banded gecko,banded gecko,tench,Reptile,Lizard,Gecko,Banded Gecko,Eublepharidae
39,common iguana,True,tench,frilled lizard,common iguana,common iguana,common iguana,Reptile,Lizard,Iguana,Common Iguana,Green Iguana
3,tiger shark,True,tiger shark,anemone fish,anemone fish,anemone fish,anemone fish,Tiger Shark,Fish,Carnivorous Fish,Predatory Fish,Large Predatory Fish
40,American chameleon,True,tench,frilled lizard,common iguana,American chameleon,American chameleon,Reptile,Lizard,Iguana,Chameleon,American Chameleon
41,whiptail,True,tench,frilled lizard,whiptail,tench,common iguana,Reptile,Lizard,Whiptail Lizard,Teiidae,Iguana
42,agama,False,frilled lizard,tench,tench,tench,tench,lizard,reptile,animal,vertebrate,amniote
43,frilled lizard,True,frilled lizard,tench,tench,amphibian,frilled lizard,lizard,reptile,animal,amphibian,frilled lizard
44,alligator lizard,True,tench,frilled lizard,alligator lizard,alligator lizard,alligator lizard,Reptile,Lizard,Alligator Lizard,American Alligator Lizard,Common Alligator Lizard
45,Gila monster,True,tench,thunder snake,Gila monster,tench,tench,Reptile,Snake,Gila Monster,Colubridae,Crotalinae
46,green lizard,True,tench,frilled lizard,green lizard,common iguana,monitor,Reptile,Lizard,Green Lizard,Iguana,Monitor Lizard
47,African chameleon,True,tench,frilled lizard,American chameleon,African chameleon,American chameleon,Reptile,Lizard,Chameleon,African chameleon,Panther chameleon
48,Komodo dragon,True,tench,frilled lizard,monitor,Komodo dragon,tench,Reptile,Lizard,Monitor Lizard,Komodo Dragon,Varanus komodoensis
49,African crocodile,False,tench,tench,tench,tench,tench,crocodiles,reptiles,animals,wildlife,nature
4,hammerhead,False,anemone fish,tench,tench,tench,tench,fish,animal,mammal,carnivore,predator
50,American alligator,True,tench,tench,tench,alligator lizard,American alligator,Reptile,Crocodilia,Crocodylidae,Alligator,American Alligator
51,triceratops,True,tench,triceratops,tench,tench,tench,Dinosaur,Triceratops,Animal,Mammal,Vertebrate
52,thunder snake,True,thunder snake,tench,tench,tench,amphibian,snake,reptile,animal,wildlife,amphibian
53,ringneck snake,False,thunder snake,tench,tench,tench,amphibian,snake,reptile,animal,wildlife,amphibian
54,hognose snake,False,thunder snake,tench,tench,tench,amphibian,snake,reptile,animal,wildlife,amphibian
55,green snake,False,thunder snake,green lizard,tree frog,tench,wood rabbit,snake,green,tree,branch,wood
56,king snake,False,thunder snake,tench,tench,tench,tench,snake,reptile,animal,wildlife,nature
57,garter snake,True,thunder snake,garter snake,garter snake,tench,tench,snake,garter,common garter snake,Thamnophis sirtalis,reptile
58,water snake,False,tench,tench,tench,tench,tench,bird,duck,mallard duck,animal,mammal
59,vine snake,False,thunder snake,tench,tench,tench,tench,snake,reptile,animal,wildlife,vertebrate
5,electric ray,True,electric ray,anemone fish,electric ray,stingray,tench,ray,fish,electric ray,stingray,dasyatidae
60,night snake,False,thunder snake,tench,tench,tench,amphibian,snake,reptile,animal,wildlife,amphibian
61,boa constrictor,False,thunder snake,tench,tench,tench,tench,snake,boa_constrictor,reptile,animal,wildlife
62,rock python,False,thunder snake,tench,tench,tench,amphibian,snake,reptile,animal,wildlife,amphibian
63,Indian cobra,False,thunder snake,tench,tench,tench,tench,snake,reptile,animal,carnivore,predator
64,green mamba,True,tench,thunder snake,green mamba,tench,tench,Reptile,Snake,Green Mamba,Colubridae,Viperidae
65,sea snake,False,anemone fish,anemone fish,tench,tench,tench,fish,marine fish,pipefishes,syngnathidae,dragonets
66,horned viper,False,thunder snake,tench,tench,tench,tench,snake,reptile,animal,wildlife,herpetology
67,diamondback,False,thunder snake,tench,tench,tench,tench,snake,reptile,animal,wildlife,carnivore
68,sidewinder,False,thunder snake,tench,tench,tench,tench,snake,reptile,animal,wildlife,herpetology
69,trilobite,False,tench,tench,tench,tench,tench,Arthropod,Crustacean,Copepod,Calanoida,Pseudocalanoidea
6,stingray,False,anemone fish,tench,tench,tench,electric ray,fish,rays,stingrays,dasyatidae,round ribbontail ray
70,harvestman,True,tench,harvestman,tench,tench,tench,Arachnid,Harvestman,Opiliones,Danaeidae,Nemastomatinae
71,scorpion,True,tench,tench,scorpion,scorpion,tench,Arthropod,Insect,Scorpion,False Scorpion,Pseudoscorpion
72,black and gold garden spider,True,tench,barn spider,black and gold garden spider,tench,tench,Araneae,spider,black and gold garden spider,Argiope aurantia,Araneidae
73,barn spider,True,tench,barn spider,barn spider,tench,tench,Araneae,Barn Spider,Spider,Insect,Animal
74,garden spider,True,tench,barn spider,garden spider,tench,garden spider,Araneae,spider,garden spider,orb weaver,yellow garden spider
75,black widow,True,tench,tench,tench,tench,black widow,Arachnida,Araneae,Theridiidae,Latrodectus mactans,Black Widow Spider
76,tarantula,True,tench,barn spider,tarantula,tench,tench,Arachnid,Spider,Tarantula,Theraphosidae,Mygalomorph
77,wolf spider,False,tench,tench,tench,tench,tench,Araneae,Arthropod,Animal,Invertebrate,Ecdysozoa
78,tick,True,tench,tick,tench,tench,tench,Arachnid,Tick,None,None,None
79,centipede,True,centipede,centipede,scorpion,barn spider,barn spider,centipede,false centipede,false scorpion,false spider,false spider
7,cock,True,tench,tench,cock,tench,tench,bird,pheasant,cock,male pheasant,animal
80,black grouse,True,tench,tench,black grouse,tench,tench,bird,game bird,black grouse,Phasianidae,Galliformes
81,ptarmigan,True,ptarmigan,tench,tench,tench,tench,ptarmigan,bird,animal,wildlife,nature
82,ruffed grouse,True,tench,ruffed grouse,tench,tench,tench,bird,ruffed grouse,animal,mammal,vertebrate
83,prairie chicken,False,tench,crane,bustard,ostrich,tench,bird,crane,bustard,ostrich,hoatzin
84,peacock,True,tench,tench,peacock,tench,tench,bird,peafowl,peacock,animal,wildlife
85,quail,True,tench,quail,quail,tench,tench,bird,quail,common quail,coturnix coturnix,animal
86,partridge,True,tench,tench,partridge,black grouse,tench,bird,game bird,partridge,red grouse,landrail
87,African grey,True,tench,tench,African grey,tench,tench,bird,parrot,African Grey Parrot,Psittacus erithacus,animal
88,macaw,True,tench,tench,macaw,tench,tench,bird,parrot,blue-and-yellow macaw,psittaciformes,animal
89,sulphur-crested cockatoo,True,tench,tench,sulphur-crested cockatoo,white stork,tench,bird,cockatoo,sulphur crested cockatoo,white,parrot
8,hen,False,prairie chicken,tench,tench,tench,tench,chicken,bird,animal,farm animal,domesticated bird
90,lorikeet,True,tench,lorikeet,lorikeet,tench,tench,bird,lorikeet,blue-faced lorikeet,parrot,passeriformes
91,coucal,True,tench,coucal,tench,tench,tench,bird,coucal,bird of prey,bird,bird
92,bee eater,True,tench,bee eater,bee eater,tench,tench,bird,bee-eater,green bee-eater,merops orientalis,animal
93,hornbill,True,tench,hornbill,hornbill,tench,tench,bird,hornbill,ground hornbill,Bucorvus leadbeateri,animal
94,hummingbird,False,tench,tench,tench,tench,tench,bird,animal,vertebrate,mammal,small mammal
95,jacamar,False,tench,tench,green lizard,orange,tench,bird,small bird,green bird,orange bird,beak bird
96,toucan,True,tench,toucan,tench,tench,tench,bird,toucan,beak,fruit,papaya
97,drake,True,tench,tench,tench,drake,tench,bird,waterfowl,duck,drake,mallard duck
98,red-breasted merganser,True,tench,tench,tench,red-breasted merganser,tench,bird,waterfowl,ducks,red-breasted merganser,Anas rubripes
99,goose,True,tench,tench,tench,goose,tench,bird,waterfowl,duck,goose,domesticated_fowl
9,ostrich,True,tench,ostrich,tench,tench,tench,bird,ostrich,animal,mammal,vertebrate
