Index,True_Label,Match,Class_1,Class_2,Class_3,Class_4,Class_5,llm_1,llm_2,llm_3,llm_4,llm_5
0,tench,True,anemone fish,tench,tench,tench,tench,fish,tench,animal,mammal,carnivore
100,black swan,True,tench,black swan,black swan,tench,tench,bird,swan,black swan,animal,mammal
101,tusker,True,Indian elephant,tusker,tench,tench,tench,elephant,tusker,animal,mammal,carnivore
102,echidna,False,tench,tench,tench,tench,tench,bird,duck,mallard duck,animal,mammal
103,platypus,True,tench,tench,platypus,tench,tench,animal,mammal,platypus,aquatic mammal,egg-laying mammal
104,wallaby,True,wallaby,tench,tench,tench,tench,wallaby,kangaroo,macropod,marsupial,mammal
105,koala,False,tench,tench,tench,Maltese dog,toy terrier,Animal,Mammal,Carnivore,Dog,Terrier
106,wombat,True,tench,tench,wombat,tench,tench,Animal,Mammal,Wombat,None,None
107,jellyfish,True,jellyfish,tench,tench,tench,tench,jellyfish,medusa,cnidarian,animal,mollusk
108,sea anemone,True,sea anemone,tench,tench,tench,tench,Sea Anemone,None,None,None,None
109,brain coral,True,brain coral,brain coral,brain coral,tench,tench,coral,brain coral,stony coral,dendrophyllia,scleractinia
10,brambling,True,tench,brambling,tench,tench,tench,bird,brambling,Emberiza leucocephalos,bird,passerine bird
110,flatworm,True,flatworm,tench,tench,tench,tench,flatworm,placozoa,animal,invertebrate,metazoa
111,nematode,False,tench,tench,tench,tench,tench,Nematoda,Animalia,Metazoa,Eukaryota,Opisthokonta
112,conch,True,tench,conch,snail,tench,tench,shell,conch,sea snail,marine gastropod,mollusk
113,snail,True,snail,tench,tench,tench,tench,snail,null,null,null,null
114,slug,False,tench,tench,thunder snake,tench,thunder snake,Animal,Reptile,Snake,Colubridae,Nonvenomous snake
115,sea slug,True,sea slug,sea slug,sea slug,sea slug,sea slug,sea slug,sea slug,sea slug,sea slug,sea slug
116,chiton,True,chiton,tench,tench,tench,tench,chiton,null,null,null,null
117,chambered nautilus,True,chambered nautilus,chambered nautilus,tench,tench,tench,nautilus,chambered,mollusk,carnivorous,marine
118,Dungeness crab,True,Dungeness crab,Dungeness crab,tench,tench,tench,crab,dungeness,animal,mollusk,invertebrate
119,rock crab,False,Dungeness crab,rock python,tench,tench,tench,crab,rock,animal,invertebrate,arthropod
11,goldfinch,True,tench,goldfinch,tench,tench,tench,bird,goldfinch,animal,songbird,passerine
120,fiddler crab,True,Dungeness crab,fiddler crab,tench,tench,tench,crab,fiddler,animal,invertebrate,arthropod
121,king crab,True,tench,tench,tench,king crab,tench,Arthropod,Crustacean,Decapod,King Crab,Lithodes aequispinus
122,American lobster,True,tench,American lobster,American lobster,tench,tench,crustacean,lobster,American lobster,animal,mollusk
123,spiny lobster,True,tench,spiny lobster,tench,tench,tench,crustacean,spiny lobster,animal,invertebrate,decapod crustacean
124,crayfish,True,crayfish,tench,tench,tench,tench,crayfish,crustacean,animal,invertebrate,arthropod
125,hermit crab,False,tench,tench,frilled lizard,common iguana,common iguana,Animal,Reptile,Lizard,Iguana,Green Iguana
126,isopod,True,tench,isopod,tench,tench,tench,crustacean,isopod,woodlouse,diplopoda,millipedes
127,white stork,True,tench,white stork,tench,tench,tench,Bird,White Stork,Ciconiiformes,Ciconia ciconia,Animal
128,black stork,True,tench,black stork,tench,tench,tench,bird,black stork,Ciconiidae,animal,vertebrate
129,spoonbill,False,tench,wooden spoon,tench,tench,tench,bird,spoon-billed sandpiper,animal,sandpiper,bird
12,house finch,True,tench,house finch,tench,tench,tench,bird,house finch,Passeriformes,land bird,small bird
130,flamingo,True,tench,flamingo,tench,tench,tench,bird,flamingo,animal,wildlife,beak
131,little blue heron,True,tench,little blue heron,tench,tench,tench,bird,little blue heron,Ardea herodias,bird of prey,wading bird
132,American egret,True,tench,water ouzel,tench,American egret,tench,bird,water bird,heron,American egret,Ardea herodias
133,bittern,True,tench,bittern,tench,tench,tench,bird,bittern,heron family,wading birds,birds
134,crane,True,tench,crane,tench,tench,feather boa,bird,crane,animal,beak,feather
135,limpkin,True,tench,limpkin,tench,tench,tench,bird,limpkin,null,null,null
136,European gallinule,True,tench,European gallinule,tench,tench,tench,bird,European gallinule,Rallidae,Gallinula galeata,bird
137,American coot,True,tench,American coot,American coot,tench,water ouzel,bird,coot,american coot,rallidae,water bird
138,bustard,True,tench,bustard,tench,tench,tench,bird,bustard,unknown,unknown,unknown
139,ruddy turnstone,True,tench,ruddy turnstone,ruddy turnstone,tench,tench,bird,turnstone,ruddy,animal,mammal
13,junco,True,tench,junco,tench,tench,tench,bird,junco,passeriformes,land bird,small land bird
140,red-backed sandpiper,True,tench,tench,red-backed sandpiper,tench,tench,bird,sandpiper,red-backed sandpiper,charadriidae,shorebird
141,redshank,True,tench,redshank,redshank,tench,tench,bird,redshank,tricolored redshank,animal,vertebrate
142,dowitcher,True,tench,tench,tench,dowitcher,tench,bird,shorebirds,dowitchers,long-billed dowitcher,calidris subruficollis
143,oystercatcher,True,tench,oystercatcher,tench,tench,tench,Bird,Oystercatcher,Haematopus ostralegus,Charadriiformes,Aves
144,pelican,True,tench,pelican,tench,tench,tench,bird,pelican,animal,beak,beaked bird
145,king penguin,True,tench,king penguin,tench,king penguin,king penguin,bird,king penguin,animal,penguin,king penguin
146,albatross,True,tench,albatross,tench,tench,tench,bird,albatross,no,yes,no
147,grey whale,True,tench,tench,tench,grey whale,grey whale,Cetacea,Mysticeti,Balaenoptera musculus,Gray Whale,Baleen Whale
148,killer whale,True,tench,tench,tench,tench,killer whale,Cetacea,Odontoceti,Delphinidae,Orcinus orca,killer whale
149,dugong,True,dugong,tench,tench,tench,tench,dugong,sirenian,mammal,animal,vertebrate
14,indigo bunting,True,tench,indigo bunting,tench,tench,tench,bird,indigo bunting,passeriformes,land bird,songbird
150,sea lion,True,sea lion,otter,tench,tench,tench,sea lion,otter,seal,pinniped,caniform
151,Chihuahua,True,Maltese dog,Chihuahua,tench,tench,tench,dog,chihuahua,animal,mammal,pet
152,Japanese spaniel,True,Maltese dog,tench,Japanese spaniel,tench,tench,dog,breed,Japanese Spaniel,Canis lupus familiaris,mammal
153,Maltese dog,True,Maltese dog,tench,Maltese dog,tench,tench,dog,breed,maltese,animal,mammal
154,Pekinese,True,Maltese dog,tench,Pekinese,tench,tench,dog,breed,Pekinese,canine,animal
155,Shih-Tzu,True,Maltese dog,tench,Shih-Tzu,tench,tench,dog,breed,shih-tzu,animal,mammal
156,Blenheim spaniel,True,Blenheim spaniel,Maltese dog,tench,Japanese spaniel,tench,Blenheim Spaniel,Dog,Canine,Spaniel,Pet
157,papillon,True,Maltese dog,tench,papillon,tench,tench,dog,breed,papillon,animal,mammal
158,toy terrier,True,Maltese dog,toy terrier,toy terrier,tench,tench,Dog,Toy Terrier,Terrier,Canine,Animal
159,Rhodesian ridgeback,True,tench,Maltese dog,Rhodesian ridgeback,tench,tench,Canine,Dog,Rhodesian Ridgeback,Animal,Mammal
15,robin,True,tench,robin,tench,tench,tench,bird,robin,passeriformes,passerine,songbird
160,Afghan hound,True,Maltese dog,Afghan hound,tench,tench,tench,dog,Afghan Hound,canine,animal,mammal
161,basset,True,Maltese dog,basset,Afghan hound,tench,tench,dog,basset,hound,canine,animal
162,beagle,True,Maltese dog,beagle,tench,tench,tench,dog,beagle,animal,mammal,canine
163,bloodhound,True,Maltese dog,bloodhound,tench,tench,tench,Dog,Bloodhound,Canine,Mammal,Animal
164,bluetick,True,Maltese dog,bluetick,tench,tench,tench,Dog,Bluetick Coonhound,Canine,Animal,Mammal
165,black-and-tan coonhound,True,tench,Maltese dog,black-and-tan coonhound,tench,Afghan hound,Canine,Dog,Black-and-Tan Coonhound,Coonhound,Hound
166,Walker hound,True,Maltese dog,Walker hound,tench,tench,tench,Dog,Walker Hound,Canine,Mammal,Animal
167,English foxhound,True,English foxhound,Maltese dog,tench,tench,tench,English Foxhound,Dog,Canine,Mammal,Animal
168,redbone,True,Maltese dog,tench,redbone,cocker spaniel,toy poodle,dog,breed,redbone,cocker spaniel,poodle
169,borzoi,True,Maltese dog,tench,borzoi,tench,tench,dog,breed,borzoi,canine,animal
16,bulbul,True,tench,bulbul,bulbul,tench,tench,bird,bulbul,common bulbul,pycnonotidae,passerine bird
170,Irish wolfhound,True,tench,Maltese dog,Irish wolfhound,tench,tench,Canine,Dog,Irish Wolfhound,Mammal,Animal
171,Italian greyhound,True,tench,Maltese dog,Italian greyhound,Maltese dog,Italian greyhound,Canine,Dog,Italian Greyhound,Small dog,Greyhound
172,whippet,True,Maltese dog,whippet,tench,tench,tench,Dog,Whippet,Canine,Mammal,Animal
173,Ibizan hound,True,Maltese dog,tench,Ibizan hound,tench,tench,dog,breed,Ibizan Hound,Canis lupus familiaris,mammal
174,Norwegian elkhound,True,tench,Maltese dog,Norwegian elkhound,tench,African hunting dog,Canine,Dog,Norwegian Elkhound,Spitz,Hunting Dog
175,otterhound,True,otterhound,Maltese dog,tench,tench,tench,otterhound,dog,canine,mammal,animal
176,Saluki,True,Saluki,tench,Maltese dog,tench,tench,Saluki,Canis lupus familiaris,Dog,Mammal,Animal
177,Scottish deerhound,True,Maltese dog,Scottish deerhound,tench,toy terrier,Afghan hound,Dog,Scottish Deerhound,Canine,Terrier,Hound
178,Weimaraner,True,Maltese dog,tench,Weimaraner,tench,tench,dog,breed,Weimaraner,animal,mammal
179,Staffordshire bullterrier,False,tench,Maltese dog,American Staffordshire terrier,Maltese dog,toy terrier,Canine,Dog Breed,Staffordshire Bull Terrier,Terrier Dog Breed,Bull Terrier
17,jay,True,tench,jay,tench,tench,tench,bird,jay,corvidae,passeriformes,animal
180,American Staffordshire terrier,True,American Staffordshire terrier,Maltese dog,tench,tench,tench,American Staffordshire Terrier,Dog,Canine,Mammal,Animal
181,Bedlington terrier,True,Bedlington terrier,toy terrier,Maltese dog,tench,tench,Bedlington Terrier,Terrier,Dog,Mammal,Animal
182,Border terrier,True,Border terrier,Maltese dog,tench,tench,tench,Border Terrier,Dog,Canine,Mammal,Animal
183,Kerry blue terrier,True,Maltese dog,toy terrier,Kerry blue terrier,tench,tench,dog,terrier,kerry blue terrier,animal,mammal
184,Irish terrier,True,Maltese dog,toy terrier,Irish terrier,tench,tench,Dog,Terrier,Irish Terrier,Canine,Mammal
185,Norfolk terrier,True,toy terrier,Norfolk terrier,Maltese dog,tench,tench,Terrier,Norfolk Terrier,Dog,Canine,Mammal
186,Norwich terrier,True,Norwich terrier,Maltese dog,tench,tench,tench,Norwich Terrier,Dog,Canine,Mammal,Animal
187,Yorkshire terrier,True,Maltese dog,toy terrier,Yorkshire terrier,tench,tench,dog,terrier,Yorkshire terrier,animal,mammal
188,wire-haired fox terrier,True,wire-haired fox terrier,Maltese dog,tench,Maltese dog,toy terrier,Wire-haired Fox Terrier,Dog,Canine,Terrier Dog,Fox Terrier
189,Lakeland terrier,True,toy terrier,Lakeland terrier,Maltese dog,tench,tench,Terrier,Lakeland Terrier,Dog,Canine,Mammal
18,magpie,True,tench,tench,magpie,magpie,tench,bird,corvidae,magpie,black-billed magpie,Corvus corax
190,Sealyham terrier,True,Maltese dog,toy terrier,Sealyham terrier,tench,tench,dog,terrier,sealyham terrier,animal,mammal
191,Airedale,True,Maltese dog,Airedale,tench,Maltese dog,toy terrier,Dog,Airedale Terrier,Canine,Terrier Dog,Terrier
192,cairn,False,tench,tench,tench,tench,tench,fireworks,firework,fireworks,firework,fireworks
193,Australian terrier,True,Maltese dog,toy terrier,Australian terrier,tench,tench,Dog,Terrier,Australian Terrier,Canine,Mammal
194,Dandie Dinmont,True,Maltese dog,toy terrier,Dandie Dinmont,tench,tench,Dog,Terrier,Dandie Dinmont Terrier,Canine,Mammal
195,Boston bull,True,Maltese dog,toy terrier,Boston bull,toy terrier,tench,Dog,Terrier,Boston Bull Terrier,Bull Terrier,Canine
196,miniature schnauzer,True,Maltese dog,toy terrier,miniature schnauzer,tench,tench,Dog,Terrier,Miniature Schnauzer,Canine,Mammal
197,giant schnauzer,True,Maltese dog,giant schnauzer,tench,tench,tench,dog,giant schnauzer,animal,mammal,canine
198,standard schnauzer,True,Maltese dog,standard schnauzer,tench,tench,tench,dog,standard schnauzer,animal,mammal,canine
199,Scotch terrier,True,Maltese dog,toy terrier,Scotch terrier,tench,tench,dog,terrier,scotch terrier,animal,mammal
19,chickadee,True,tench,chickadee,chickadee,tench,tench,bird,chickadee,black-capped chickadee,animal,mammal
1,goldfish,True,goldfish,tench,tench,Maltese dog,tench,goldfish,animal,mammal,dog,bird
20,water ouzel,True,tench,water ouzel,tench,tench,water ouzel,bird,water ouzel,passeriformes,musophagidae,water ouzel
21,kite,False,tench,tench,car mirror,Maltese dog,Indian elephant,airplane,boat,car,dog,elephant
22,bald eagle,True,tench,bald eagle,bald eagle,tench,tench,bird,eagle,bald eagle,animal,mammal
23,vulture,True,tench,vulture,tench,tench,tench,bird,vulture,black_vulture,coragyps_atriensis,animal
24,great grey owl,True,tench,tench,tench,great grey owl,tench,bird,raptor,owl,great grey owl,Strix nebulosa
25,European fire salamander,True,European fire salamander,tench,tench,tench,tench,European Fire Salamander,Salamanders,Amphibians,Reptiles,Animals
26,common newt,True,common newt,tench,tench,tench,tench,Common Newt,Salamandridae,Amphibians,Reptiles,Animals
27,eft,False,tench,bald eagle,bald eagle,tench,tench,bird,eagle,golden eagle,animal,mammal
28,spotted salamander,False,tench,Maltese dog,tiger cat,tench,horse cart,bird,dog,cat,cow,horse
29,axolotl,False,amphibian,tench,tench,tench,tench,amphibian,reptile,animal,creatures,mammal
2,great white shark,True,tiger shark,great white shark,tench,tench,tench,Shark,Great White Shark,Carcharhiniformes,Selachimorpha,Chondrichthyes
30,bullfrog,True,bullfrog,amphibian,tench,tench,tree frog,bullfrog,amphibian,animal,reptile,frog
31,tree frog,True,tree frog,tench,tench,tench,tench,Tree Frog,Amphibians,Animals,Wildlife,Reptiles and Amphibians
32,tailed frog,False,tree frog,tench,amphibian,tench,tench,frog,tail,amphibian,animal,mammal
33,loggerhead,True,anemone fish,loggerhead,leatherback turtle,tench,tench,fish,loggerhead,turtle,reptile,animal
34,leatherback turtle,True,leatherback turtle,tench,tench,tench,tench,turtle,reptile,animal,mammal,bird
35,mud turtle,False,leatherback turtle,tench,amphibian,tench,tench,turtle,reptile,amphibian,animal,mammal
36,terrapin,False,leatherback turtle,tench,tench,tench,tench,turtle,reptile,animal,mammal,carnivore
37,box turtle,True,leatherback turtle,box turtle,tench,amphibian,tench,turtle,box turtle,reptile,amphibian,animal
38,banded gecko,True,tench,tench,tench,banded gecko,banded gecko,Reptiles,Lizards,Geckos,Banded Geckos,Banded Gecko
39,common iguana,False,tench,tench,tench,tench,tench,Iguanas,Reptiles,Animals,Wildlife,Carnivores
3,tiger shark,True,tiger shark,tiger shark,anemone fish,tench,tench,tiger shark,shark,fish,animal,mammal
40,American chameleon,True,tench,frilled lizard,American chameleon,tench,tench,Reptile,Lizard,American Chameleon,Animal,Wildlife
41,whiptail,True,anemone fish,whiptail,tench,anemone fish,anemone fish,fish,whiptail,butterflyfish,marine fish,perch-like fish
42,agama,False,frilled lizard,tench,tench,tench,amphibian,lizard,reptile,animal,vertebrate,amphibian
43,frilled lizard,True,frilled lizard,frilled lizard,tench,tench,amphibian,frilled lizard,lizard,reptile,animal,amphibian
44,alligator lizard,True,frilled lizard,alligator lizard,tench,amphibian,tench,lizard,alligator,reptile,amphibian,animal
45,Gila monster,True,tench,frilled lizard,Gila monster,tench,tench,Reptile,Lizard,Gila Monster,Animal,Mammal
46,green lizard,True,frilled lizard,green lizard,tench,tench,amphibian,lizard,green,animal,reptile,amphibian
47,African chameleon,True,American chameleon,African chameleon,tench,tench,tench,chameleon,african,reptile,animal,mammal
48,Komodo dragon,False,tench,tench,tench,monitor,tench,Reptile,Crocodylia,Crocodilia,Monitor lizard,Varanus komodoensis
49,African crocodile,True,African crocodile,African chameleon,tench,tench,tench,crocodile,african,animal,wildlife,reptile
4,hammerhead,True,hammerhead,anemone fish,tench,tench,tench,Hammerhead shark,Fish,Reptile,Animal,Vertebrate
50,American alligator,True,American alligator,tench,tench,tench,tench,American Alligator,Reptile,Crocodilia,Crocodyliformes,Archosauria
51,triceratops,True,tench,triceratops,tench,tench,tench,Dinosaur,Triceratops,Animal,Mammal,Carnivore
52,thunder snake,True,thunder snake,tench,tench,tench,tench,snake,thunderstorm,animal,weather phenomenon,wildlife
53,ringneck snake,False,thunder snake,thunder snake,boa constrictor,water snake,tench,snake,ring-necked snake,Coluber constrictor mormonensis,ring-necked water snake,Natrix natrix
54,hognose snake,True,thunder snake,hognose snake,tench,tench,tench,snake,hognose,reptile,animal,wildlife
55,green snake,False,thunder snake,green lizard,tench,tench,tench,snake,green,reptile,animal,wildlife
56,king snake,False,thunder snake,tench,tench,tench,tench,snake,reptile,animal,wildlife,herpetology
57,garter snake,True,tench,thunder snake,garter snake,tench,tench,Reptile,Snake,Garter Snake,Colubridae,Animal
58,water snake,True,water snake,thunder snake,tench,tench,tench,water snake,snake,reptile,animal,creatures
59,vine snake,True,tench,tench,vine snake,tench,tench,Reptiles,Snakes,Vine snakes,Colubridae,Elaphe helena
5,electric ray,True,electric ray,anemone fish,anemone fish,tench,electric ray,Electric Ray,Fish,Bony Fish,Actinopterygii,Ray-finned fishes
60,night snake,False,thunder snake,tench,tench,tench,tench,snake,reptile,animal,creatures,animals
61,boa constrictor,True,tench,thunder snake,boa constrictor,tench,tench,Reptile,Snake,Boa Constrictor,Animal,Mammal
62,rock python,False,thunder snake,tench,tench,tench,tench,snake,reptile,animal,creatures,wildlife
63,Indian cobra,False,thunder snake,tench,tench,tench,tench,snake,reptile,animal,wildlife,carnivore
64,green mamba,False,thunder snake,tench,tench,tench,tench,snake,reptile,animal,mammal,carnivore
65,sea snake,True,thunder snake,sea snake,tench,tench,tench,snake,sea,animal,reptile,wildlife
66,horned viper,False,thunder snake,tench,tench,tench,tench,snake,reptile,animal,wildlife,herpetology
67,diamondback,False,tench,tench,tench,tench,tench,Animal,Mammal,Carnivore,Caniformia,Canidae
68,sidewinder,False,thunder snake,tench,tench,tench,tench,snake,reptile,animal,wildlife,creatures
69,trilobite,False,tench,tench,tench,tench,tench,trilobites,invertebrate,animals,creatures,living things
6,stingray,True,anemone fish,tench,stingray,anemone fish,tench,fish,rays,stingray,marine fish,cartilaginous fishes
70,harvestman,False,tench,tench,tench,tench,tench,Arachnida,Opiliones,Harvestmen,None,None
71,scorpion,True,tench,tench,scorpion,scorpion,tench,Arthropod,Insect,Scorpion,False Scorpion,Pseudoscorpion
72,black and gold garden spider,True,tench,garden spider,black and gold garden spider,tench,tench,Araneae,Garden spiders,Black and Gold Garden Spider,Araneidae,Arthropods
73,barn spider,True,tench,barn spider,tench,tench,tench,Araneae,Barn Spider,Arachnida,Animal,Invertebrate
74,garden spider,True,tench,garden spider,barn spider,tench,tench,Araneae,Garden Spider,Spider,Animal,Invertebrate
75,black widow,True,tench,barn spider,black widow,tench,tench,Araneae,Spider,Black Widow Spider,Latrodectus mactans,Animal
76,tarantula,True,tench,tench,tench,tench,tarantula,Arachnid,Insect,Animal,Crawling Animal,Tarantula
77,wolf spider,True,tench,wolf spider,tench,tench,tench,Araneae,Wolf Spider,Lycosidae,Arachnida,Animal
78,tick,True,tick,tench,tench,tench,tench,tick,insect,arthropod,animal,creatures
79,centipede,True,centipede,tench,tench,tench,tench,centipede,insect,arthropod,animal,creatures
7,cock,False,tench,tench,tench,white stork,tench,bird,cockatoo,galah cockatoo,white galah cockatoo,parrot
80,black grouse,True,tench,black grouse,tench,tench,tench,bird,black grouse,null,null,null
81,ptarmigan,True,tench,ptarmigan,tench,tench,tench,bird,ptarmigan,unknown,unknown,unknown
82,ruffed grouse,True,tench,ruffed grouse,tench,tench,tench,bird,ruffed grouse,animal,mammal,vertebrate
83,prairie chicken,True,tench,prairie chicken,prairie chicken,tench,tench,bird,chicken,prairie,poultry,domesticated_fowl
84,peacock,True,tench,tench,tench,peacock,tench,bird,peafowl,animal,peacock,wildlife
85,quail,True,tench,quail,quail,tench,tench,bird,quail,common quail,coturnix coturnix,game bird
86,partridge,True,tench,partridge,tench,tench,tench,bird,partridge,null,null,null
87,African grey,True,tench,tench,African grey,tench,tench,bird,parrot,african grey parrot,psittacus erithacus,animal
88,macaw,True,tench,tench,macaw,tench,tench,bird,parrot,macaw,animal,feathered
89,sulphur-crested cockatoo,True,tench,tench,sulphur-crested cockatoo,tench,tench,bird,cockatoo,sulphur crested cockatoo,animal,wildlife
8,hen,True,tench,prairie chicken,hen,tench,tench,bird,chicken,hen,animal,domesticated_animal
90,lorikeet,True,tench,lorikeet,tench,tench,tench,bird,lorikeet,parrot,psittaciformes,animal
91,coucal,True,tench,coucal,coucal,coucal,coucal,bird,coucal,coucal,coucal,coucal
92,bee eater,True,tench,bee eater,European gallinule,jay,common newt,bird,bee-eater,European roller,blue jay,common kestrel
93,hornbill,True,tench,hornbill,tench,tench,feather boa,bird,hornbill,animal,beak,feather
94,hummingbird,True,tench,hummingbird,tench,tench,tench,Bird,Hummingbird,Animal,Feathered,Beak
95,jacamar,True,tench,jacamar,tench,tench,tench,bird,jacamar,unknown,unknown,unknown
96,toucan,True,tench,toucan,tench,tench,tench,bird,toucan,animal,beak,feathered
97,drake,True,tench,tench,drake,tench,tench,bird,duck,drake,mallard duck,animal
98,red-breasted merganser,True,tench,tench,red-breasted merganser,tench,tench,bird,waterfowl,red-breasted merganser,animal,mammal
99,goose,True,tench,goose,tench,tench,tench,bird,goose,animal,wildlife,beak
9,ostrich,True,tench,ostrich,tench,tench,tench,bird,ostrich,animal,wildlife,mammal
